/*
 Navicat Premium Data Transfer

 Source Server         : localhost_3306
 Source Server Type    : MySQL
 Source Server Version : 50641
 Source Host           : localhost:3306
 Source Schema         : bets

 Target Server Type    : MySQL
 Target Server Version : 50641
 File Encoding         : 65001

 Date: 02/02/2019 17:38:12
*/

SET NAMES utf8mb4;
SET FOREIGN_KEY_CHECKS = 0;

-- ----------------------------
-- Table structure for b_file
-- ----------------------------
DROP TABLE IF EXISTS `b_file`;
CREATE TABLE `b_file`  (
  `id` int(11) NOT NULL AUTO_INCREMENT,
  `file_name` varchar(128) CHARACTER SET utf8 COLLATE utf8_general_ci NULL DEFAULT NULL COMMENT '文件名',
  `file_upload_name` varchar(128) CHARACTER SET utf8 COLLATE utf8_general_ci NULL DEFAULT NULL COMMENT '文件上名',
  `file_type` varchar(128) CHARACTER SET latin1 COLLATE latin1_swedish_ci NULL DEFAULT NULL COMMENT '文件类型',
  `file_path` varchar(128) CHARACTER SET utf8 COLLATE utf8_general_ci NULL DEFAULT NULL COMMENT '文件路径',
  `file_size` varchar(30) CHARACTER SET latin1 COLLATE latin1_swedish_ci NULL DEFAULT NULL COMMENT '文件大小',
  `status` char(10) CHARACTER SET latin1 COLLATE latin1_swedish_ci NOT NULL COMMENT '状态 0:未绑定 1 绑定',
  `sys_status` char(10) CHARACTER SET latin1 COLLATE latin1_swedish_ci NULL DEFAULT NULL COMMENT '系统状态',
  `create_time` datetime(0) NOT NULL COMMENT '创建时间',
  `creator` varchar(128) CHARACTER SET utf8 COLLATE utf8_general_ci NOT NULL COMMENT '创建人',
  `modify_time` datetime(0) NOT NULL COMMENT '修改时间',
  `operator` varchar(128) CHARACTER SET utf8 COLLATE utf8_general_ci NOT NULL COMMENT '操作人',
  `remarks` varchar(1024) CHARACTER SET utf8 COLLATE utf8_general_ci NULL DEFAULT NULL COMMENT '备注',
  `biz_id` varchar(64) CHARACTER SET latin1 COLLATE latin1_swedish_ci NULL DEFAULT NULL COMMENT '绑定id',
  `biz_type` varchar(64) CHARACTER SET latin1 COLLATE latin1_swedish_ci NULL DEFAULT NULL COMMENT '绑定类型',
  `batch_num` varchar(32) CHARACTER SET latin1 COLLATE latin1_swedish_ci NULL DEFAULT NULL COMMENT '批次号',
  PRIMARY KEY (`id`) USING BTREE
) ENGINE = InnoDB AUTO_INCREMENT = 18 CHARACTER SET = latin1 COLLATE = latin1_swedish_ci COMMENT = '文件信息表' ROW_FORMAT = Compact;

-- ----------------------------
-- Table structure for qrtz_blob_triggers
-- ----------------------------
DROP TABLE IF EXISTS `qrtz_blob_triggers`;
CREATE TABLE `qrtz_blob_triggers`  (
  `SCHED_NAME` varchar(120) CHARACTER SET utf8 COLLATE utf8_general_ci NOT NULL,
  `TRIGGER_NAME` varchar(200) CHARACTER SET utf8 COLLATE utf8_general_ci NOT NULL,
  `TRIGGER_GROUP` varchar(200) CHARACTER SET utf8 COLLATE utf8_general_ci NOT NULL,
  `BLOB_DATA` blob NULL,
  PRIMARY KEY (`SCHED_NAME`, `TRIGGER_NAME`, `TRIGGER_GROUP`) USING BTREE,
  CONSTRAINT `qrtz_blob_triggers_ibfk_1` FOREIGN KEY (`SCHED_NAME`, `TRIGGER_NAME`, `TRIGGER_GROUP`) REFERENCES `qrtz_triggers` (`SCHED_NAME`, `TRIGGER_NAME`, `TRIGGER_GROUP`) ON DELETE RESTRICT ON UPDATE RESTRICT
) ENGINE = InnoDB CHARACTER SET = utf8 COLLATE = utf8_general_ci ROW_FORMAT = Compact;

-- ----------------------------
-- Table structure for qrtz_calendars
-- ----------------------------
DROP TABLE IF EXISTS `qrtz_calendars`;
CREATE TABLE `qrtz_calendars`  (
  `SCHED_NAME` varchar(120) CHARACTER SET utf8 COLLATE utf8_general_ci NOT NULL,
  `CALENDAR_NAME` varchar(200) CHARACTER SET utf8 COLLATE utf8_general_ci NOT NULL,
  `CALENDAR` blob NOT NULL,
  PRIMARY KEY (`SCHED_NAME`, `CALENDAR_NAME`) USING BTREE
) ENGINE = InnoDB CHARACTER SET = utf8 COLLATE = utf8_general_ci ROW_FORMAT = Compact;

-- ----------------------------
-- Table structure for qrtz_cron_triggers
-- ----------------------------
DROP TABLE IF EXISTS `qrtz_cron_triggers`;
CREATE TABLE `qrtz_cron_triggers`  (
  `SCHED_NAME` varchar(120) CHARACTER SET utf8 COLLATE utf8_general_ci NOT NULL,
  `TRIGGER_NAME` varchar(200) CHARACTER SET utf8 COLLATE utf8_general_ci NOT NULL,
  `TRIGGER_GROUP` varchar(200) CHARACTER SET utf8 COLLATE utf8_general_ci NOT NULL,
  `CRON_EXPRESSION` varchar(200) CHARACTER SET utf8 COLLATE utf8_general_ci NOT NULL,
  `TIME_ZONE_ID` varchar(80) CHARACTER SET utf8 COLLATE utf8_general_ci NULL DEFAULT NULL,
  PRIMARY KEY (`SCHED_NAME`, `TRIGGER_NAME`, `TRIGGER_GROUP`) USING BTREE,
  CONSTRAINT `qrtz_cron_triggers_ibfk_1` FOREIGN KEY (`SCHED_NAME`, `TRIGGER_NAME`, `TRIGGER_GROUP`) REFERENCES `qrtz_triggers` (`SCHED_NAME`, `TRIGGER_NAME`, `TRIGGER_GROUP`) ON DELETE RESTRICT ON UPDATE RESTRICT
) ENGINE = InnoDB CHARACTER SET = utf8 COLLATE = utf8_general_ci ROW_FORMAT = Compact;

-- ----------------------------
-- Records of qrtz_cron_triggers
-- ----------------------------
INSERT INTO `qrtz_cron_triggers` VALUES ('MyScheduler', 'TASK_1', 'DEFAULT', '0/1 * * * * ?', 'Asia/Shanghai');
INSERT INTO `qrtz_cron_triggers` VALUES ('MyScheduler', 'TASK_11', 'DEFAULT', '0/5 * * * * ?', 'Asia/Shanghai');
INSERT INTO `qrtz_cron_triggers` VALUES ('MyScheduler', 'TASK_2', 'DEFAULT', '0/10 * * * * ?', 'Asia/Shanghai');
INSERT INTO `qrtz_cron_triggers` VALUES ('MyScheduler', 'TASK_3', 'DEFAULT', '0/1 * * * * ?', 'Asia/Shanghai');

-- ----------------------------
-- Table structure for qrtz_fired_triggers
-- ----------------------------
DROP TABLE IF EXISTS `qrtz_fired_triggers`;
CREATE TABLE `qrtz_fired_triggers`  (
  `SCHED_NAME` varchar(120) CHARACTER SET utf8 COLLATE utf8_general_ci NOT NULL,
  `ENTRY_ID` varchar(95) CHARACTER SET utf8 COLLATE utf8_general_ci NOT NULL,
  `TRIGGER_NAME` varchar(200) CHARACTER SET utf8 COLLATE utf8_general_ci NOT NULL,
  `TRIGGER_GROUP` varchar(200) CHARACTER SET utf8 COLLATE utf8_general_ci NOT NULL,
  `INSTANCE_NAME` varchar(200) CHARACTER SET utf8 COLLATE utf8_general_ci NOT NULL,
  `FIRED_TIME` bigint(13) NOT NULL,
  `SCHED_TIME` bigint(13) NOT NULL,
  `PRIORITY` int(11) NOT NULL,
  `STATE` varchar(16) CHARACTER SET utf8 COLLATE utf8_general_ci NOT NULL,
  `JOB_NAME` varchar(200) CHARACTER SET utf8 COLLATE utf8_general_ci NULL DEFAULT NULL,
  `JOB_GROUP` varchar(200) CHARACTER SET utf8 COLLATE utf8_general_ci NULL DEFAULT NULL,
  `IS_NONCONCURRENT` varchar(1) CHARACTER SET utf8 COLLATE utf8_general_ci NULL DEFAULT NULL,
  `REQUESTS_RECOVERY` varchar(1) CHARACTER SET utf8 COLLATE utf8_general_ci NULL DEFAULT NULL,
  PRIMARY KEY (`SCHED_NAME`, `ENTRY_ID`) USING BTREE
) ENGINE = InnoDB CHARACTER SET = utf8 COLLATE = utf8_general_ci ROW_FORMAT = Compact;

-- ----------------------------
-- Table structure for qrtz_job_details
-- ----------------------------
DROP TABLE IF EXISTS `qrtz_job_details`;
CREATE TABLE `qrtz_job_details`  (
  `SCHED_NAME` varchar(120) CHARACTER SET utf8 COLLATE utf8_general_ci NOT NULL,
  `JOB_NAME` varchar(200) CHARACTER SET utf8 COLLATE utf8_general_ci NOT NULL,
  `JOB_GROUP` varchar(200) CHARACTER SET utf8 COLLATE utf8_general_ci NOT NULL,
  `DESCRIPTION` varchar(250) CHARACTER SET utf8 COLLATE utf8_general_ci NULL DEFAULT NULL,
  `JOB_CLASS_NAME` varchar(250) CHARACTER SET utf8 COLLATE utf8_general_ci NOT NULL,
  `IS_DURABLE` varchar(1) CHARACTER SET utf8 COLLATE utf8_general_ci NOT NULL,
  `IS_NONCONCURRENT` varchar(1) CHARACTER SET utf8 COLLATE utf8_general_ci NOT NULL,
  `IS_UPDATE_DATA` varchar(1) CHARACTER SET utf8 COLLATE utf8_general_ci NOT NULL,
  `REQUESTS_RECOVERY` varchar(1) CHARACTER SET utf8 COLLATE utf8_general_ci NOT NULL,
  `JOB_DATA` blob NULL,
  PRIMARY KEY (`SCHED_NAME`, `JOB_NAME`, `JOB_GROUP`) USING BTREE
) ENGINE = InnoDB CHARACTER SET = utf8 COLLATE = utf8_general_ci ROW_FORMAT = Compact;

-- ----------------------------
-- Records of qrtz_job_details
-- ----------------------------
INSERT INTO `qrtz_job_details` VALUES ('MyScheduler', 'TASK_1', 'DEFAULT', NULL, 'com.simple.bets.modular.job.util.ScheduleJob', '0', '0', '0', '0', 0xACED0005737200156F72672E71756172747A2E4A6F62446174614D61709FB083E8BFA9B0CB020000787200266F72672E71756172747A2E7574696C732E537472696E674B65794469727479466C61674D61708208E8C3FBC55D280200015A0013616C6C6F77735472616E7369656E74446174617872001D6F72672E71756172747A2E7574696C732E4469727479466C61674D617013E62EAD28760ACE0200025A000564697274794C00036D617074000F4C6A6176612F7574696C2F4D61703B787001737200116A6176612E7574696C2E486173684D61700507DAC1C31660D103000246000A6C6F6164466163746F724900097468726573686F6C6478703F4000000000000C7708000000100000000174000D4A4F425F504152414D5F4B45597372002A636F6D2E73696D706C652E626574732E6D6F64756C61722E6A6F622E6D6F64656C2E4A6F624D6F64656C058D52AC1093A3040200084C00086265616E4E616D657400124C6A6176612F6C616E672F537472696E673B4C000A63726561746554696D657400104C6A6176612F7574696C2F446174653B4C000E63726F6E45787072657373696F6E71007E00094C00056A6F6249647400104C6A6176612F6C616E672F4C6F6E673B4C000A6D6574686F644E616D6571007E00094C0006706172616D7371007E00094C000672656D61726B71007E00094C000673746174757371007E00097870740008746573745461736B7372000E6A6176612E7574696C2E44617465686A81014B5974190300007870770800000161C6EB70707874000D302F31202A202A202A202A203F7372000E6A6176612E6C616E672E4C6F6E673B8BE490CC8F23DF0200014A000576616C7565787200106A6176612E6C616E672E4E756D62657286AC951D0B94E08B02000078700000000000000001740004746573747400066D7262697264740018E69C89E58F82E4BBBBE58AA1E8B083E5BAA6E6B58BE8AF95740001317800);
INSERT INTO `qrtz_job_details` VALUES ('MyScheduler', 'TASK_11', 'DEFAULT', NULL, 'com.simple.bets.modular.job.util.ScheduleJob', '0', '0', '0', '0', 0xACED0005737200156F72672E71756172747A2E4A6F62446174614D61709FB083E8BFA9B0CB020000787200266F72672E71756172747A2E7574696C732E537472696E674B65794469727479466C61674D61708208E8C3FBC55D280200015A0013616C6C6F77735472616E7369656E74446174617872001D6F72672E71756172747A2E7574696C732E4469727479466C61674D617013E62EAD28760ACE0200025A000564697274794C00036D617074000F4C6A6176612F7574696C2F4D61703B787001737200116A6176612E7574696C2E486173684D61700507DAC1C31660D103000246000A6C6F6164466163746F724900097468726573686F6C6478703F4000000000000C7708000000100000000174000D4A4F425F504152414D5F4B45597372002A636F6D2E73696D706C652E626574732E6D6F64756C61722E6A6F622E6D6F64656C2E4A6F624D6F64656C058D52AC1093A3040200084C00086265616E4E616D657400124C6A6176612F6C616E672F537472696E673B4C000A63726561746554696D657400104C6A6176612F7574696C2F446174653B4C000E63726F6E45787072657373696F6E71007E00094C00056A6F6249647400104C6A6176612F6C616E672F4C6F6E673B4C000A6D6574686F644E616D6571007E00094C0006706172616D7371007E00094C000672656D61726B71007E00094C000673746174757371007E00097870740008746573745461736B7372000E6A6176612E7574696C2E44617465686A81014B5974190300007870770800000161D01BAC507874000D302F35202A202A202A202A203F7372000E6A6176612E6C616E672E4C6F6E673B8BE490CC8F23DF0200014A000576616C7565787200106A6176612E6C616E672E4E756D62657286AC951D0B94E08B0200007870000000000000000B74000574657374327074000CE6B58BE8AF95E5BC82E5B8B8740001317800);
INSERT INTO `qrtz_job_details` VALUES ('MyScheduler', 'TASK_2', 'DEFAULT', NULL, 'com.simple.bets.modular.job.util.ScheduleJob', '0', '0', '0', '0', 0xACED0005737200156F72672E71756172747A2E4A6F62446174614D61709FB083E8BFA9B0CB020000787200266F72672E71756172747A2E7574696C732E537472696E674B65794469727479466C61674D61708208E8C3FBC55D280200015A0013616C6C6F77735472616E7369656E74446174617872001D6F72672E71756172747A2E7574696C732E4469727479466C61674D617013E62EAD28760ACE0200025A000564697274794C00036D617074000F4C6A6176612F7574696C2F4D61703B787001737200116A6176612E7574696C2E486173684D61700507DAC1C31660D103000246000A6C6F6164466163746F724900097468726573686F6C6478703F4000000000000C7708000000100000000174000D4A4F425F504152414D5F4B45597372002A636F6D2E73696D706C652E626574732E6D6F64756C61722E6A6F622E6D6F64656C2E4A6F624D6F64656C058D52AC1093A3040200084C00086265616E4E616D657400124C6A6176612F6C616E672F537472696E673B4C000A63726561746554696D657400104C6A6176612F7574696C2F446174653B4C000E63726F6E45787072657373696F6E71007E00094C00056A6F6249647400104C6A6176612F6C616E672F4C6F6E673B4C000A6D6574686F644E616D6571007E00094C0006706172616D7371007E00094C000672656D61726B71007E00094C000673746174757371007E00097870740008746573745461736B7372000E6A6176612E7574696C2E44617465686A81014B5974190300007870770800000161C71032987874000E302F3130202A202A202A202A203F7372000E6A6176612E6C616E672E4C6F6E673B8BE490CC8F23DF0200014A000576616C7565787200106A6176612E6C616E672E4E756D62657286AC951D0B94E08B02000078700000000000000002740005746573743170740018E697A0E58F82E4BBBBE58AA1E8B083E5BAA6E6B58BE8AF95740001317800);
INSERT INTO `qrtz_job_details` VALUES ('MyScheduler', 'TASK_3', 'DEFAULT', NULL, 'com.simple.bets.modular.job.util.ScheduleJob', '0', '0', '0', '0', 0xACED0005737200156F72672E71756172747A2E4A6F62446174614D61709FB083E8BFA9B0CB020000787200266F72672E71756172747A2E7574696C732E537472696E674B65794469727479466C61674D61708208E8C3FBC55D280200015A0013616C6C6F77735472616E7369656E74446174617872001D6F72672E71756172747A2E7574696C732E4469727479466C61674D617013E62EAD28760ACE0200025A000564697274794C00036D617074000F4C6A6176612F7574696C2F4D61703B787001737200116A6176612E7574696C2E486173684D61700507DAC1C31660D103000246000A6C6F6164466163746F724900097468726573686F6C6478703F4000000000000C7708000000100000000174000D4A4F425F504152414D5F4B45597372002A636F6D2E73696D706C652E626574732E6D6F64756C61722E6A6F622E6D6F64656C2E4A6F624D6F64656C058D52AC1093A3040200084C00086265616E4E616D657400124C6A6176612F6C616E672F537472696E673B4C000A63726561746554696D657400104C6A6176612F7574696C2F446174653B4C000E63726F6E45787072657373696F6E71007E00094C00056A6F6249647400104C6A6176612F6C616E672F4C6F6E673B4C000A6D6574686F644E616D6571007E00094C0006706172616D7371007E00094C000672656D61726B71007E00094C000673746174757371007E00097870740008746573745461736B7372000E6A6176612E7574696C2E44617465686A81014B5974190300007870770800000161CFB9A6907874000D302F31202A202A202A202A203F7372000E6A6176612E6C616E672E4C6F6E673B8BE490CC8F23DF0200014A000576616C7565787200106A6176612E6C616E672E4E756D62657286AC951D0B94E08B020000787000000000000000037400047465737474000B68656C6C6F20776F726C6474002BE69C89E58F82E4BBBBE58AA1E8B083E5BAA6E6B58BE8AF952CE6AF8FE99A94E4B880E7A792E8A7A6E58F91740001317800);

-- ----------------------------
-- Table structure for qrtz_locks
-- ----------------------------
DROP TABLE IF EXISTS `qrtz_locks`;
CREATE TABLE `qrtz_locks`  (
  `SCHED_NAME` varchar(120) CHARACTER SET utf8 COLLATE utf8_general_ci NOT NULL,
  `LOCK_NAME` varchar(40) CHARACTER SET utf8 COLLATE utf8_general_ci NOT NULL,
  PRIMARY KEY (`SCHED_NAME`, `LOCK_NAME`) USING BTREE
) ENGINE = InnoDB CHARACTER SET = utf8 COLLATE = utf8_general_ci ROW_FORMAT = Compact;

-- ----------------------------
-- Records of qrtz_locks
-- ----------------------------
INSERT INTO `qrtz_locks` VALUES ('MyScheduler', 'STATE_ACCESS');
INSERT INTO `qrtz_locks` VALUES ('MyScheduler', 'TRIGGER_ACCESS');

-- ----------------------------
-- Table structure for qrtz_paused_trigger_grps
-- ----------------------------
DROP TABLE IF EXISTS `qrtz_paused_trigger_grps`;
CREATE TABLE `qrtz_paused_trigger_grps`  (
  `SCHED_NAME` varchar(120) CHARACTER SET utf8 COLLATE utf8_general_ci NOT NULL,
  `TRIGGER_GROUP` varchar(200) CHARACTER SET utf8 COLLATE utf8_general_ci NOT NULL,
  PRIMARY KEY (`SCHED_NAME`, `TRIGGER_GROUP`) USING BTREE
) ENGINE = InnoDB CHARACTER SET = utf8 COLLATE = utf8_general_ci ROW_FORMAT = Compact;

-- ----------------------------
-- Table structure for qrtz_scheduler_state
-- ----------------------------
DROP TABLE IF EXISTS `qrtz_scheduler_state`;
CREATE TABLE `qrtz_scheduler_state`  (
  `SCHED_NAME` varchar(120) CHARACTER SET utf8 COLLATE utf8_general_ci NOT NULL,
  `INSTANCE_NAME` varchar(200) CHARACTER SET utf8 COLLATE utf8_general_ci NOT NULL,
  `LAST_CHECKIN_TIME` bigint(13) NOT NULL,
  `CHECKIN_INTERVAL` bigint(13) NOT NULL,
  PRIMARY KEY (`SCHED_NAME`, `INSTANCE_NAME`) USING BTREE
) ENGINE = InnoDB CHARACTER SET = utf8 COLLATE = utf8_general_ci ROW_FORMAT = Compact;

-- ----------------------------
-- Records of qrtz_scheduler_state
-- ----------------------------
INSERT INTO `qrtz_scheduler_state` VALUES ('MyScheduler', 'LAPTOP-M2LRH5MR1549099641238', 1549100290260, 15000);

-- ----------------------------
-- Table structure for qrtz_simple_triggers
-- ----------------------------
DROP TABLE IF EXISTS `qrtz_simple_triggers`;
CREATE TABLE `qrtz_simple_triggers`  (
  `SCHED_NAME` varchar(120) CHARACTER SET utf8 COLLATE utf8_general_ci NOT NULL,
  `TRIGGER_NAME` varchar(200) CHARACTER SET utf8 COLLATE utf8_general_ci NOT NULL,
  `TRIGGER_GROUP` varchar(200) CHARACTER SET utf8 COLLATE utf8_general_ci NOT NULL,
  `REPEAT_COUNT` bigint(7) NOT NULL,
  `REPEAT_INTERVAL` bigint(12) NOT NULL,
  `TIMES_TRIGGERED` bigint(10) NOT NULL,
  PRIMARY KEY (`SCHED_NAME`, `TRIGGER_NAME`, `TRIGGER_GROUP`) USING BTREE,
  CONSTRAINT `qrtz_simple_triggers_ibfk_1` FOREIGN KEY (`SCHED_NAME`, `TRIGGER_NAME`, `TRIGGER_GROUP`) REFERENCES `qrtz_triggers` (`SCHED_NAME`, `TRIGGER_NAME`, `TRIGGER_GROUP`) ON DELETE RESTRICT ON UPDATE RESTRICT
) ENGINE = InnoDB CHARACTER SET = utf8 COLLATE = utf8_general_ci ROW_FORMAT = Compact;

-- ----------------------------
-- Table structure for qrtz_simprop_triggers
-- ----------------------------
DROP TABLE IF EXISTS `qrtz_simprop_triggers`;
CREATE TABLE `qrtz_simprop_triggers`  (
  `SCHED_NAME` varchar(120) CHARACTER SET utf8 COLLATE utf8_general_ci NOT NULL,
  `TRIGGER_NAME` varchar(200) CHARACTER SET utf8 COLLATE utf8_general_ci NOT NULL,
  `TRIGGER_GROUP` varchar(200) CHARACTER SET utf8 COLLATE utf8_general_ci NOT NULL,
  `STR_PROP_1` varchar(512) CHARACTER SET utf8 COLLATE utf8_general_ci NULL DEFAULT NULL,
  `STR_PROP_2` varchar(512) CHARACTER SET utf8 COLLATE utf8_general_ci NULL DEFAULT NULL,
  `STR_PROP_3` varchar(512) CHARACTER SET utf8 COLLATE utf8_general_ci NULL DEFAULT NULL,
  `INT_PROP_1` int(11) NULL DEFAULT NULL,
  `INT_PROP_2` int(11) NULL DEFAULT NULL,
  `LONG_PROP_1` bigint(20) NULL DEFAULT NULL,
  `LONG_PROP_2` bigint(20) NULL DEFAULT NULL,
  `DEC_PROP_1` decimal(13, 4) NULL DEFAULT NULL,
  `DEC_PROP_2` decimal(13, 4) NULL DEFAULT NULL,
  `BOOL_PROP_1` varchar(1) CHARACTER SET utf8 COLLATE utf8_general_ci NULL DEFAULT NULL,
  `BOOL_PROP_2` varchar(1) CHARACTER SET utf8 COLLATE utf8_general_ci NULL DEFAULT NULL,
  PRIMARY KEY (`SCHED_NAME`, `TRIGGER_NAME`, `TRIGGER_GROUP`) USING BTREE,
  CONSTRAINT `qrtz_simprop_triggers_ibfk_1` FOREIGN KEY (`SCHED_NAME`, `TRIGGER_NAME`, `TRIGGER_GROUP`) REFERENCES `qrtz_triggers` (`SCHED_NAME`, `TRIGGER_NAME`, `TRIGGER_GROUP`) ON DELETE RESTRICT ON UPDATE RESTRICT
) ENGINE = InnoDB CHARACTER SET = utf8 COLLATE = utf8_general_ci ROW_FORMAT = Compact;

-- ----------------------------
-- Table structure for qrtz_triggers
-- ----------------------------
DROP TABLE IF EXISTS `qrtz_triggers`;
CREATE TABLE `qrtz_triggers`  (
  `SCHED_NAME` varchar(120) CHARACTER SET utf8 COLLATE utf8_general_ci NOT NULL,
  `TRIGGER_NAME` varchar(200) CHARACTER SET utf8 COLLATE utf8_general_ci NOT NULL,
  `TRIGGER_GROUP` varchar(200) CHARACTER SET utf8 COLLATE utf8_general_ci NOT NULL,
  `JOB_NAME` varchar(200) CHARACTER SET utf8 COLLATE utf8_general_ci NOT NULL,
  `JOB_GROUP` varchar(200) CHARACTER SET utf8 COLLATE utf8_general_ci NOT NULL,
  `DESCRIPTION` varchar(250) CHARACTER SET utf8 COLLATE utf8_general_ci NULL DEFAULT NULL,
  `NEXT_FIRE_TIME` bigint(13) NULL DEFAULT NULL,
  `PREV_FIRE_TIME` bigint(13) NULL DEFAULT NULL,
  `PRIORITY` int(11) NULL DEFAULT NULL,
  `TRIGGER_STATE` varchar(16) CHARACTER SET utf8 COLLATE utf8_general_ci NOT NULL,
  `TRIGGER_TYPE` varchar(8) CHARACTER SET utf8 COLLATE utf8_general_ci NOT NULL,
  `START_TIME` bigint(13) NOT NULL,
  `END_TIME` bigint(13) NULL DEFAULT NULL,
  `CALENDAR_NAME` varchar(200) CHARACTER SET utf8 COLLATE utf8_general_ci NULL DEFAULT NULL,
  `MISFIRE_INSTR` smallint(2) NULL DEFAULT NULL,
  `JOB_DATA` blob NULL,
  PRIMARY KEY (`SCHED_NAME`, `TRIGGER_NAME`, `TRIGGER_GROUP`) USING BTREE,
  INDEX `SCHED_NAME`(`SCHED_NAME`, `JOB_NAME`, `JOB_GROUP`) USING BTREE,
  CONSTRAINT `qrtz_triggers_ibfk_1` FOREIGN KEY (`SCHED_NAME`, `JOB_NAME`, `JOB_GROUP`) REFERENCES `qrtz_job_details` (`SCHED_NAME`, `JOB_NAME`, `JOB_GROUP`) ON DELETE RESTRICT ON UPDATE RESTRICT
) ENGINE = InnoDB CHARACTER SET = utf8 COLLATE = utf8_general_ci ROW_FORMAT = Compact;

-- ----------------------------
-- Records of qrtz_triggers
-- ----------------------------
INSERT INTO `qrtz_triggers` VALUES ('MyScheduler', 'TASK_1', 'DEFAULT', 'TASK_1', 'DEFAULT', NULL, 1549095597000, -1, 5, 'PAUSED', 'CRON', 1549095597000, 0, NULL, 2, 0xACED0005737200156F72672E71756172747A2E4A6F62446174614D61709FB083E8BFA9B0CB020000787200266F72672E71756172747A2E7574696C732E537472696E674B65794469727479466C61674D61708208E8C3FBC55D280200015A0013616C6C6F77735472616E7369656E74446174617872001D6F72672E71756172747A2E7574696C732E4469727479466C61674D617013E62EAD28760ACE0200025A000564697274794C00036D617074000F4C6A6176612F7574696C2F4D61703B787001737200116A6176612E7574696C2E486173684D61700507DAC1C31660D103000246000A6C6F6164466163746F724900097468726573686F6C6478703F4000000000000C7708000000100000000174000D4A4F425F504152414D5F4B45597372002A636F6D2E73696D706C652E626574732E6D6F64756C61722E6A6F622E6D6F64656C2E4A6F624D6F64656C058D52AC1093A3040200084C00086265616E4E616D657400124C6A6176612F6C616E672F537472696E673B4C000A63726561746554696D657400104C6A6176612F7574696C2F446174653B4C000E63726F6E45787072657373696F6E71007E00094C00056A6F6249647400104C6A6176612F6C616E672F4C6F6E673B4C000A6D6574686F644E616D6571007E00094C0006706172616D7371007E00094C000672656D61726B71007E00094C000673746174757371007E00097870740008746573745461736B7372000E6A6176612E7574696C2E44617465686A81014B5974190300007870770800000161C6EB70707874000D302F31202A202A202A202A203F7372000E6A6176612E6C616E672E4C6F6E673B8BE490CC8F23DF0200014A000576616C7565787200106A6176612E6C616E672E4E756D62657286AC951D0B94E08B02000078700000000000000001740004746573747400066D7262697264740018E69C89E58F82E4BBBBE58AA1E8B083E5BAA6E6B58BE8AF95740001317800);
INSERT INTO `qrtz_triggers` VALUES ('MyScheduler', 'TASK_11', 'DEFAULT', 'TASK_11', 'DEFAULT', NULL, 1549095600000, -1, 5, 'PAUSED', 'CRON', 1549095597000, 0, NULL, 2, 0xACED0005737200156F72672E71756172747A2E4A6F62446174614D61709FB083E8BFA9B0CB020000787200266F72672E71756172747A2E7574696C732E537472696E674B65794469727479466C61674D61708208E8C3FBC55D280200015A0013616C6C6F77735472616E7369656E74446174617872001D6F72672E71756172747A2E7574696C732E4469727479466C61674D617013E62EAD28760ACE0200025A000564697274794C00036D617074000F4C6A6176612F7574696C2F4D61703B787001737200116A6176612E7574696C2E486173684D61700507DAC1C31660D103000246000A6C6F6164466163746F724900097468726573686F6C6478703F4000000000000C7708000000100000000174000D4A4F425F504152414D5F4B45597372002A636F6D2E73696D706C652E626574732E6D6F64756C61722E6A6F622E6D6F64656C2E4A6F624D6F64656C058D52AC1093A3040200084C00086265616E4E616D657400124C6A6176612F6C616E672F537472696E673B4C000A63726561746554696D657400104C6A6176612F7574696C2F446174653B4C000E63726F6E45787072657373696F6E71007E00094C00056A6F6249647400104C6A6176612F6C616E672F4C6F6E673B4C000A6D6574686F644E616D6571007E00094C0006706172616D7371007E00094C000672656D61726B71007E00094C000673746174757371007E00097870740008746573745461736B7372000E6A6176612E7574696C2E44617465686A81014B5974190300007870770800000161D01BAC507874000D302F35202A202A202A202A203F7372000E6A6176612E6C616E672E4C6F6E673B8BE490CC8F23DF0200014A000576616C7565787200106A6176612E6C616E672E4E756D62657286AC951D0B94E08B0200007870000000000000000B74000574657374327074000CE6B58BE8AF95E5BC82E5B8B8740001317800);
INSERT INTO `qrtz_triggers` VALUES ('MyScheduler', 'TASK_2', 'DEFAULT', 'TASK_2', 'DEFAULT', NULL, 1549095600000, -1, 5, 'PAUSED', 'CRON', 1549095597000, 0, NULL, 2, 0xACED0005737200156F72672E71756172747A2E4A6F62446174614D61709FB083E8BFA9B0CB020000787200266F72672E71756172747A2E7574696C732E537472696E674B65794469727479466C61674D61708208E8C3FBC55D280200015A0013616C6C6F77735472616E7369656E74446174617872001D6F72672E71756172747A2E7574696C732E4469727479466C61674D617013E62EAD28760ACE0200025A000564697274794C00036D617074000F4C6A6176612F7574696C2F4D61703B787001737200116A6176612E7574696C2E486173684D61700507DAC1C31660D103000246000A6C6F6164466163746F724900097468726573686F6C6478703F4000000000000C7708000000100000000174000D4A4F425F504152414D5F4B45597372002A636F6D2E73696D706C652E626574732E6D6F64756C61722E6A6F622E6D6F64656C2E4A6F624D6F64656C058D52AC1093A3040200084C00086265616E4E616D657400124C6A6176612F6C616E672F537472696E673B4C000A63726561746554696D657400104C6A6176612F7574696C2F446174653B4C000E63726F6E45787072657373696F6E71007E00094C00056A6F6249647400104C6A6176612F6C616E672F4C6F6E673B4C000A6D6574686F644E616D6571007E00094C0006706172616D7371007E00094C000672656D61726B71007E00094C000673746174757371007E00097870740008746573745461736B7372000E6A6176612E7574696C2E44617465686A81014B5974190300007870770800000161C71032987874000E302F3130202A202A202A202A203F7372000E6A6176612E6C616E672E4C6F6E673B8BE490CC8F23DF0200014A000576616C7565787200106A6176612E6C616E672E4E756D62657286AC951D0B94E08B02000078700000000000000002740005746573743170740018E697A0E58F82E4BBBBE58AA1E8B083E5BAA6E6B58BE8AF95740001317800);
INSERT INTO `qrtz_triggers` VALUES ('MyScheduler', 'TASK_3', 'DEFAULT', 'TASK_3', 'DEFAULT', NULL, 1549095597000, -1, 5, 'PAUSED', 'CRON', 1549095597000, 0, NULL, 2, 0xACED0005737200156F72672E71756172747A2E4A6F62446174614D61709FB083E8BFA9B0CB020000787200266F72672E71756172747A2E7574696C732E537472696E674B65794469727479466C61674D61708208E8C3FBC55D280200015A0013616C6C6F77735472616E7369656E74446174617872001D6F72672E71756172747A2E7574696C732E4469727479466C61674D617013E62EAD28760ACE0200025A000564697274794C00036D617074000F4C6A6176612F7574696C2F4D61703B787001737200116A6176612E7574696C2E486173684D61700507DAC1C31660D103000246000A6C6F6164466163746F724900097468726573686F6C6478703F4000000000000C7708000000100000000174000D4A4F425F504152414D5F4B45597372002A636F6D2E73696D706C652E626574732E6D6F64756C61722E6A6F622E6D6F64656C2E4A6F624D6F64656C058D52AC1093A3040200084C00086265616E4E616D657400124C6A6176612F6C616E672F537472696E673B4C000A63726561746554696D657400104C6A6176612F7574696C2F446174653B4C000E63726F6E45787072657373696F6E71007E00094C00056A6F6249647400104C6A6176612F6C616E672F4C6F6E673B4C000A6D6574686F644E616D6571007E00094C0006706172616D7371007E00094C000672656D61726B71007E00094C000673746174757371007E00097870740008746573745461736B7372000E6A6176612E7574696C2E44617465686A81014B5974190300007870770800000161CFB9A6907874000D302F31202A202A202A202A203F7372000E6A6176612E6C616E672E4C6F6E673B8BE490CC8F23DF0200014A000576616C7565787200106A6176612E6C616E672E4E756D62657286AC951D0B94E08B020000787000000000000000037400047465737474000B68656C6C6F20776F726C6474002BE69C89E58F82E4BBBBE58AA1E8B083E5BAA6E6B58BE8AF952CE6AF8FE99A94E4B880E7A792E8A7A6E58F91740001317800);

-- ----------------------------
-- Table structure for sys_office
-- ----------------------------
DROP TABLE IF EXISTS `sys_office`;
CREATE TABLE `sys_office`  (
  `id` int(30) NOT NULL COMMENT '编号',
  `parent_id` int(64) NOT NULL COMMENT '父级编号',
  `parent_ids` varchar(2000) CHARACTER SET utf8 COLLATE utf8_bin NOT NULL COMMENT '所有父级编号',
  `name` varchar(100) CHARACTER SET utf8 COLLATE utf8_bin NOT NULL COMMENT '名称',
  `sort` decimal(10, 0) NOT NULL COMMENT '排序',
  `area_id` varchar(64) CHARACTER SET utf8 COLLATE utf8_bin NOT NULL COMMENT '归属区域',
  `code` varchar(100) CHARACTER SET utf8 COLLATE utf8_bin NULL DEFAULT NULL COMMENT '区域编码',
  `type` char(1) CHARACTER SET utf8 COLLATE utf8_bin NOT NULL COMMENT '机构类型',
  `grade` char(1) CHARACTER SET utf8 COLLATE utf8_bin NOT NULL COMMENT '机构等级',
  `address` varchar(255) CHARACTER SET utf8 COLLATE utf8_bin NULL DEFAULT NULL COMMENT '联系地址',
  `zip_code` varchar(100) CHARACTER SET utf8 COLLATE utf8_bin NULL DEFAULT NULL COMMENT '邮政编码',
  `master` varchar(100) CHARACTER SET utf8 COLLATE utf8_bin NULL DEFAULT NULL COMMENT '负责人',
  `phone` varchar(200) CHARACTER SET utf8 COLLATE utf8_bin NULL DEFAULT NULL COMMENT '电话',
  `fax` varchar(200) CHARACTER SET utf8 COLLATE utf8_bin NULL DEFAULT NULL COMMENT '传真',
  `email` varchar(200) CHARACTER SET utf8 COLLATE utf8_bin NULL DEFAULT NULL COMMENT '邮箱',
  `status` varchar(64) CHARACTER SET utf8 COLLATE utf8_bin NULL DEFAULT NULL COMMENT '是否启用',
  `PRIMARY_PERSON` varchar(64) CHARACTER SET utf8 COLLATE utf8_bin NULL DEFAULT NULL COMMENT '主负责人',
  `DEPUTY_PERSON` varchar(64) CHARACTER SET utf8 COLLATE utf8_bin NULL DEFAULT NULL COMMENT '副负责人',
  `tree_leaf` char(1) CHARACTER SET utf8 COLLATE utf8_bin NULL DEFAULT NULL COMMENT '是否树形叶子节点（0:不是,1:是）',
  `tree_level` decimal(4, 0) NULL DEFAULT NULL COMMENT '树形层级(0:根级)',
  `creator` varchar(64) CHARACTER SET utf8 COLLATE utf8_bin NOT NULL COMMENT '创建者',
  `create_time` datetime(0) NOT NULL COMMENT '创建时间',
  `operator` varchar(64) CHARACTER SET utf8 COLLATE utf8_bin NOT NULL COMMENT '更新者',
  `modify_time` datetime(0) NOT NULL COMMENT '更新时间',
  `remarks` varchar(255) CHARACTER SET utf8 COLLATE utf8_bin NULL DEFAULT NULL COMMENT '备注信息',
  `sys_status` char(1) CHARACTER SET utf8 COLLATE utf8_bin NOT NULL DEFAULT '0' COMMENT '系统状态',
  PRIMARY KEY (`id`) USING BTREE,
  INDEX `sys_office_parent_id`(`parent_id`) USING BTREE,
  INDEX `sys_office_del_flag`(`sys_status`) USING BTREE,
  INDEX `sys_office_type`(`type`) USING BTREE
) ENGINE = InnoDB CHARACTER SET = utf8 COLLATE = utf8_bin COMMENT = '机构表' ROW_FORMAT = Compact;

-- ----------------------------
-- Records of sys_office
-- ----------------------------
INSERT INTO `sys_office` VALUES (1, 0, '0,', 'Bets设计公司', 10, 'f762fb569d8445f28a226a9b831cfb90', '100000', '1', '1', '', '', '', '', '', '', '1', '', '', '0', 0, '1', '2013-05-27 08:00:00', '1', '2018-12-06 14:38:45', '', '0');
INSERT INTO `sys_office` VALUES (3, 1, '0,1,', '综合部', 20, 'f762fb569d8445f28a226a9b831cfb90', '100002', '2', '1', '', '', '', '', '', '', '1', '', '', '0', 1, '1', '2013-05-27 08:00:00', '1', '2018-02-02 17:40:19', '', '0');
INSERT INTO `sys_office` VALUES (4, 1, '0,1,', '市场部', 30, 'f762fb569d8445f28a226a9b831cfb90', '100003', '2', '1', '', '', '', '', '', '', '1', '', '', '1', 1, '1', '2013-05-27 08:00:00', '1', '2018-02-02 17:40:28', '', '0');
INSERT INTO `sys_office` VALUES (5, 1, '0,1,', '技术部', 40, 'f762fb569d8445f28a226a9b831cfb90', '100004', '2', '1', '', '', '', '', '', '', '1', '', '', '1', 1, '1', '2013-05-27 08:00:00', '1', '2018-02-02 17:40:37', '', '0');
INSERT INTO `sys_office` VALUES (6, 3, '0,1,3', '财务部', 21, 'f762fb569d8445f28a226a9b831cfb90', '10000201', '2', '1', NULL, NULL, NULL, NULL, NULL, NULL, '1', NULL, NULL, '1', 2, '1', '2019-01-08 16:40:34', '1', '2019-01-08 16:40:38', NULL, '0');

-- ----------------------------
-- Table structure for t_dept
-- ----------------------------
DROP TABLE IF EXISTS `t_dept`;
CREATE TABLE `t_dept`  (
  `dept_id` bigint(20) NOT NULL AUTO_INCREMENT COMMENT '部门ID',
  `parent_id` bigint(20) NOT NULL COMMENT '上级部门ID',
  `dept_name` varchar(100) CHARACTER SET utf8 COLLATE utf8_general_ci NOT NULL COMMENT '部门名称',
  `order_num` bigint(20) NULL DEFAULT NULL COMMENT '排序',
  `create_time` datetime(0) NULL DEFAULT NULL COMMENT '创建时间',
  PRIMARY KEY (`dept_id`) USING BTREE
) ENGINE = InnoDB AUTO_INCREMENT = 7 CHARACTER SET = utf8 COLLATE = utf8_general_ci ROW_FORMAT = Compact;

-- ----------------------------
-- Records of t_dept
-- ----------------------------
INSERT INTO `t_dept` VALUES (1, 0, '开发部', NULL, '2018-01-04 15:42:26');
INSERT INTO `t_dept` VALUES (2, 1, '开发一部', NULL, '2018-01-04 15:42:34');
INSERT INTO `t_dept` VALUES (3, 1, '开发二部', NULL, '2018-01-04 15:42:29');
INSERT INTO `t_dept` VALUES (4, 0, '市场部', NULL, '2018-01-04 15:42:36');
INSERT INTO `t_dept` VALUES (5, 0, '人事部', NULL, '2018-01-04 15:42:32');
INSERT INTO `t_dept` VALUES (6, 0, '测试部', NULL, '2018-01-04 15:42:38');

-- ----------------------------
-- Table structure for t_dict
-- ----------------------------
DROP TABLE IF EXISTS `t_dict`;
CREATE TABLE `t_dict`  (
  `dict_id` bigint(20) NOT NULL AUTO_INCREMENT COMMENT '描述',
  `dict_value` bigint(20) NOT NULL COMMENT '键',
  `dict_label` varchar(100) CHARACTER SET utf8 COLLATE utf8_general_ci NOT NULL COMMENT '值',
  `dict_type` varchar(100) CHARACTER SET utf8 COLLATE utf8_general_ci NOT NULL COMMENT '字段名称',
  `sort` int(20) NULL DEFAULT NULL COMMENT '排序',
  `description` varchar(60) CHARACTER SET utf8 COLLATE utf8_general_ci NULL DEFAULT NULL COMMENT '描述',
  `status` varchar(10) CHARACTER SET utf8 COLLATE utf8_general_ci NULL DEFAULT NULL COMMENT '状态',
  `create_time` datetime(0) NULL DEFAULT NULL COMMENT '创建时间',
  `creator` varchar(30) CHARACTER SET utf8 COLLATE utf8_general_ci NULL DEFAULT NULL COMMENT '创建人',
  `is_parent` char(10) CHARACTER SET utf8 COLLATE utf8_general_ci NULL DEFAULT NULL COMMENT '是否父节点 0 否 1是',
  PRIMARY KEY (`dict_id`) USING BTREE
) ENGINE = InnoDB AUTO_INCREMENT = 37 CHARACTER SET = utf8 COLLATE = utf8_general_ci ROW_FORMAT = Compact;

-- ----------------------------
-- Records of t_dict
-- ----------------------------
INSERT INTO `t_dict` VALUES (1, 0, '男', 'ssex', NULL, NULL, '1', '2019-01-14 15:54:56', '99999', '0');
INSERT INTO `t_dict` VALUES (2, 1, '女', 'ssex', NULL, NULL, '1', '2019-01-14 15:54:58', '99999', '0');
INSERT INTO `t_dict` VALUES (3, 2, '保密', 'ssex', NULL, NULL, '1', '2019-01-14 15:55:00', '99999', '0');
INSERT INTO `t_dict` VALUES (4, 1, '有效', 'status', NULL, NULL, '1', '2019-01-14 15:55:02', '99999', '0');
INSERT INTO `t_dict` VALUES (5, 0, '锁定', 'status', NULL, NULL, '1', '2019-01-14 15:55:04', '99999', '0');
INSERT INTO `t_dict` VALUES (6, 0, '菜单', 'menu_type', NULL, NULL, '1', '2019-01-14 15:55:07', '99999', '0');
INSERT INTO `t_dict` VALUES (7, 1, '按钮', 'menu_type', NULL, NULL, '1', '2019-01-14 15:55:09', '9999', '0');
INSERT INTO `t_dict` VALUES (34, 0, '性别', 'ssex', 1, NULL, '1', '2019-01-14 15:52:25', '999999', '1');
INSERT INTO `t_dict` VALUES (35, 0, '账号状态', 'user_status', 1, NULL, '1', '2019-01-14 15:53:16', '999999', '1');
INSERT INTO `t_dict` VALUES (36, 0, '菜单类型', 'menu_type', 1, NULL, '1', '2019-01-14 15:53:56', '999999', '1');

-- ----------------------------
-- Table structure for t_job
-- ----------------------------
DROP TABLE IF EXISTS `t_job`;
CREATE TABLE `t_job`  (
  `job_id` bigint(20) NOT NULL AUTO_INCREMENT COMMENT '任务id',
  `bean_name` varchar(100) CHARACTER SET utf8 COLLATE utf8_general_ci NOT NULL COMMENT 'spring bean名称',
  `method_name` varchar(100) CHARACTER SET utf8 COLLATE utf8_general_ci NOT NULL COMMENT '方法名',
  `params` varchar(200) CHARACTER SET utf8 COLLATE utf8_general_ci NULL DEFAULT NULL COMMENT '参数',
  `cron_expression` varchar(100) CHARACTER SET utf8 COLLATE utf8_general_ci NOT NULL COMMENT 'cron表达式',
  `status` char(2) CHARACTER SET utf8 COLLATE utf8_general_ci NOT NULL COMMENT '任务状态  0：正常  1：暂停',
  `remark` varchar(200) CHARACTER SET utf8 COLLATE utf8_general_ci NULL DEFAULT NULL COMMENT '备注',
  `create_time` datetime(0) NULL DEFAULT NULL COMMENT '创建时间',
  PRIMARY KEY (`job_id`) USING BTREE
) ENGINE = InnoDB AUTO_INCREMENT = 12 CHARACTER SET = utf8 COLLATE = utf8_general_ci ROW_FORMAT = Compact;

-- ----------------------------
-- Records of t_job
-- ----------------------------
INSERT INTO `t_job` VALUES (1, 'testTask', 'test', 'mrbird', '0/1 * * * * ?', '1', '有参任务调度测试', '2018-02-24 16:26:14');
INSERT INTO `t_job` VALUES (2, 'testTask', 'test1', NULL, '0/10 * * * * ?', '1', '无参任务调度测试', '2018-02-24 17:06:23');
INSERT INTO `t_job` VALUES (3, 'testTask', 'test', 'hello world', '0/1 * * * * ?', '1', '有参任务调度测试,每隔一秒触发', '2018-02-26 09:28:26');
INSERT INTO `t_job` VALUES (11, 'testTask', 'test2', NULL, '0/5 * * * * ?', '1', '测试异常', '2018-02-26 11:15:30');

-- ----------------------------
-- Table structure for t_job_log
-- ----------------------------
DROP TABLE IF EXISTS `t_job_log`;
CREATE TABLE `t_job_log`  (
  `log_id` bigint(20) NOT NULL AUTO_INCREMENT COMMENT '任务日志id',
  `job_id` bigint(20) NOT NULL COMMENT '任务id',
  `bean_name` varchar(100) CHARACTER SET utf8 COLLATE utf8_general_ci NOT NULL COMMENT 'spring bean名称',
  `method_name` varchar(100) CHARACTER SET utf8 COLLATE utf8_general_ci NOT NULL COMMENT '方法名',
  `params` varchar(200) CHARACTER SET utf8 COLLATE utf8_general_ci NULL DEFAULT NULL COMMENT '参数',
  `status` char(2) CHARACTER SET utf8 COLLATE utf8_general_ci NOT NULL COMMENT '任务状态    0：成功    1：失败',
  `error` text CHARACTER SET utf8 COLLATE utf8_general_ci NULL COMMENT '失败信息',
  `times` decimal(11, 0) NULL DEFAULT NULL COMMENT '耗时(单位：毫秒)',
  `create_time` datetime(0) NULL DEFAULT NULL COMMENT '创建时间',
  PRIMARY KEY (`log_id`) USING BTREE
) ENGINE = InnoDB AUTO_INCREMENT = 2476 CHARACTER SET = utf8 COLLATE = utf8_general_ci ROW_FORMAT = Compact;

-- ----------------------------
-- Table structure for t_log
-- ----------------------------
DROP TABLE IF EXISTS `t_log`;
CREATE TABLE `t_log`  (
  `id` bigint(20) NOT NULL AUTO_INCREMENT COMMENT '日志ID',
  `username` varchar(50) CHARACTER SET utf8 COLLATE utf8_general_ci NULL DEFAULT NULL COMMENT '操作用户',
  `operation` text CHARACTER SET utf8 COLLATE utf8_general_ci NULL COMMENT '操作内容',
  `time` decimal(11, 0) NULL DEFAULT NULL COMMENT '耗时',
  `method` text CHARACTER SET utf8 COLLATE utf8_general_ci NULL COMMENT '操作方法',
  `params` text CHARACTER SET utf8 COLLATE utf8_general_ci NULL COMMENT '方法参数',
  `ip` varchar(64) CHARACTER SET utf8 COLLATE utf8_general_ci NULL DEFAULT NULL COMMENT '操作者IP',
  `create_time` datetime(0) NULL DEFAULT NULL COMMENT '创建时间',
  `location` varchar(50) CHARACTER SET utf8 COLLATE utf8_general_ci NULL DEFAULT NULL COMMENT '操作地点',
  PRIMARY KEY (`id`) USING BTREE
) ENGINE = InnoDB AUTO_INCREMENT = 2511 CHARACTER SET = utf8 COLLATE = utf8_general_ci ROW_FORMAT = Compact;

-- ----------------------------
-- Records of t_log
-- ----------------------------
INSERT INTO `t_log` VALUES (2450, 'MrBird', '访问系统', 4, 'com.simple.bets.modular.sys.controller.LoginController.index()', 'user: \"User{userId=4, username=\'MrBird\', password=\'42ee25d1e43e9f57119a00d0a39e5250\', deptId=1, deptName=\'系统管理员\', email=\'mrbird@hotmail.com\', mobile=\'1345553322233\', status=\'1\', crateTime=Wed Dec 27 15:47:19 CST 2017, modifyTime=Wed Mar 21 09:05:12 CST 2018, lastLoginTime=Fri Jan 25 14:39:53 CST 2019, sex=\'0\', avatar=\'/file/avatar/MrBird/fstexuog9tted8ai.jpg\', description=\'我是作者。22\', roleName=\'null\'}\"', '127.0.0.1', '2019-02-02 16:20:11', NULL);
INSERT INTO `t_log` VALUES (2451, 'MrBird', '访问系统', 5, 'com.simple.bets.modular.sys.controller.LoginController.index()', 'user: \"User{userId=4, username=\'MrBird\', password=\'42ee25d1e43e9f57119a00d0a39e5250\', deptId=1, deptName=\'系统管理员\', email=\'mrbird@hotmail.com\', mobile=\'1345553322233\', status=\'1\', crateTime=Wed Dec 27 15:47:19 CST 2017, modifyTime=Wed Mar 21 09:05:12 CST 2018, lastLoginTime=Fri Jan 25 14:39:53 CST 2019, sex=\'0\', avatar=\'/file/avatar/MrBird/fstexuog9tted8ai.jpg\', description=\'我是作者。22\', roleName=\'null\'}\"', '127.0.0.1', '2019-02-02 16:23:06', NULL);
INSERT INTO `t_log` VALUES (2452, 'MrBird', '获取定时任务信息', 2, 'com.simple.bets.modular.job.controller.JobController.index()', '', '127.0.0.1', '2019-02-02 16:23:20', NULL);
INSERT INTO `t_log` VALUES (2453, 'MrBird', '获取定时任务信息', 0, 'com.simple.bets.modular.job.controller.JobController.index()', '', '127.0.0.1', '2019-02-02 16:23:28', NULL);
INSERT INTO `t_log` VALUES (2454, 'MrBird', '获取定时任务信息', 0, 'com.simple.bets.modular.job.controller.JobController.index()', '', '127.0.0.1', '2019-02-02 16:24:12', NULL);
INSERT INTO `t_log` VALUES (2455, 'MrBird', '获取定时任务信息', 0, 'com.simple.bets.modular.job.controller.JobController.index()', '', '127.0.0.1', '2019-02-02 16:24:41', NULL);
INSERT INTO `t_log` VALUES (2456, 'MrBird', '访问系统', 0, 'com.simple.bets.modular.sys.controller.LoginController.index()', 'user: \"User{userId=4, username=\'MrBird\', password=\'42ee25d1e43e9f57119a00d0a39e5250\', deptId=1, deptName=\'系统管理员\', email=\'mrbird@hotmail.com\', mobile=\'1345553322233\', status=\'1\', crateTime=Wed Dec 27 15:47:19 CST 2017, modifyTime=Wed Mar 21 09:05:12 CST 2018, lastLoginTime=Fri Jan 25 14:39:53 CST 2019, sex=\'0\', avatar=\'/file/avatar/MrBird/fstexuog9tted8ai.jpg\', description=\'我是作者。22\', roleName=\'null\'}\"  org.springframework.validation.BindingResult.user: \"org.springframework.validation.BeanPropertyBindingResult: 0 errors\"', '127.0.0.1', '2019-02-02 16:25:15', NULL);
INSERT INTO `t_log` VALUES (2457, 'MrBird', '获取定时任务信息', 0, 'com.simple.bets.modular.job.controller.JobController.index()', '', '127.0.0.1', '2019-02-02 16:25:23', NULL);
INSERT INTO `t_log` VALUES (2458, 'MrBird', '访问系统', 6, 'com.simple.bets.modular.sys.controller.LoginController.index()', 'user: \"User{userId=4, username=\'MrBird\', password=\'42ee25d1e43e9f57119a00d0a39e5250\', deptId=1, deptName=\'系统管理员\', email=\'mrbird@hotmail.com\', mobile=\'1345553322233\', status=\'1\', crateTime=Wed Dec 27 15:47:19 CST 2017, modifyTime=Wed Mar 21 09:05:12 CST 2018, lastLoginTime=Fri Jan 25 14:39:53 CST 2019, sex=\'0\', avatar=\'/file/avatar/MrBird/fstexuog9tted8ai.jpg\', description=\'我是作者。22\', roleName=\'null\'}\"', '127.0.0.1', '2019-02-02 16:34:53', NULL);
INSERT INTO `t_log` VALUES (2459, 'MrBird', '获取定时任务信息', 2, 'com.simple.bets.modular.job.controller.JobController.index()', '', '127.0.0.1', '2019-02-02 16:34:59', NULL);
INSERT INTO `t_log` VALUES (2460, 'MrBird', '获取定时任务信息', 2, 'com.simple.bets.modular.job.controller.JobController.index()', '', '127.0.0.1', '2019-02-02 16:35:07', NULL);
INSERT INTO `t_log` VALUES (2461, 'MrBird', '获取角色信息', 3, 'com.simple.bets.modular.sys.controller.RoleController.index()', '', '127.0.0.1', '2019-02-02 16:35:21', NULL);
INSERT INTO `t_log` VALUES (2462, 'MrBird', '获取菜单信息', 0, 'com.simple.bets.modular.sys.controller.MenuController.index()', '', '127.0.0.1', '2019-02-02 16:35:25', NULL);
INSERT INTO `t_log` VALUES (2463, 'MrBird', '访问系统', 0, 'com.simple.bets.modular.sys.controller.LoginController.index()', 'user: \"User{userId=4, username=\'MrBird\', password=\'42ee25d1e43e9f57119a00d0a39e5250\', deptId=1, deptName=\'系统管理员\', email=\'mrbird@hotmail.com\', mobile=\'1345553322233\', status=\'1\', crateTime=Wed Dec 27 15:47:19 CST 2017, modifyTime=Wed Mar 21 09:05:12 CST 2018, lastLoginTime=Fri Jan 25 14:39:53 CST 2019, sex=\'0\', avatar=\'/file/avatar/MrBird/fstexuog9tted8ai.jpg\', description=\'我是作者。22\', roleName=\'null\'}\"  org.springframework.validation.BindingResult.user: \"org.springframework.validation.BeanPropertyBindingResult: 0 errors\"', '127.0.0.1', '2019-02-02 16:37:32', NULL);
INSERT INTO `t_log` VALUES (2464, 'MrBird', '获取角色信息', 0, 'com.simple.bets.modular.sys.controller.RoleController.index()', '', '127.0.0.1', '2019-02-02 16:38:22', NULL);
INSERT INTO `t_log` VALUES (2465, 'MrBird', '新增|编辑-角色信息', 0, 'com.simple.bets.modular.sys.controller.RoleController.form()', 'role: \"com.simple.bets.modular.sys.model.Role@40662c06\"  role: \"com.simple.bets.modular.sys.model.Role@40662c06\"  org.springframework.validation.BindingResult.role: \"org.springframework.validation.BeanPropertyBindingResult: 0 errors\"', '127.0.0.1', '2019-02-02 16:38:23', NULL);
INSERT INTO `t_log` VALUES (2466, 'MrBird', '新增|编辑-角色信息', 0, 'com.simple.bets.modular.sys.controller.RoleController.form()', 'role: \"com.simple.bets.modular.sys.model.Role@3543e80a\"  role: \"com.simple.bets.modular.sys.model.Role@3543e80a\"  org.springframework.validation.BindingResult.role: \"org.springframework.validation.BeanPropertyBindingResult: 0 errors\"', '127.0.0.1', '2019-02-02 16:38:27', NULL);
INSERT INTO `t_log` VALUES (2467, 'MrBird', '新增|编辑-角色信息', 0, 'com.simple.bets.modular.sys.controller.RoleController.form()', 'role: \"com.simple.bets.modular.sys.model.Role@13b6ddfe\"  role: \"com.simple.bets.modular.sys.model.Role@13b6ddfe\"  org.springframework.validation.BindingResult.role: \"org.springframework.validation.BeanPropertyBindingResult: 0 errors\"', '127.0.0.1', '2019-02-02 16:38:28', NULL);
INSERT INTO `t_log` VALUES (2468, 'MrBird', '新增|编辑-角色信息', 0, 'com.simple.bets.modular.sys.controller.RoleController.form()', 'role: \"com.simple.bets.modular.sys.model.Role@7284e6ee\"  role: \"com.simple.bets.modular.sys.model.Role@7284e6ee\"  org.springframework.validation.BindingResult.role: \"org.springframework.validation.BeanPropertyBindingResult: 0 errors\"', '127.0.0.1', '2019-02-02 16:38:30', NULL);
INSERT INTO `t_log` VALUES (2469, 'MrBird', '访问系统', 1, 'com.simple.bets.modular.sys.controller.LoginController.index()', 'user: \"User{userId=4, username=\'MrBird\', password=\'42ee25d1e43e9f57119a00d0a39e5250\', deptId=1, deptName=\'系统管理员\', email=\'mrbird@hotmail.com\', mobile=\'1345553322233\', status=\'1\', crateTime=Wed Dec 27 15:47:19 CST 2017, modifyTime=Wed Mar 21 09:05:12 CST 2018, lastLoginTime=Fri Jan 25 14:39:53 CST 2019, sex=\'0\', avatar=\'/file/avatar/MrBird/fstexuog9tted8ai.jpg\', description=\'我是作者。22\', roleName=\'null\'}\"  org.springframework.validation.BindingResult.user: \"org.springframework.validation.BeanPropertyBindingResult: 0 errors\"', '127.0.0.1', '2019-02-02 16:41:30', NULL);
INSERT INTO `t_log` VALUES (2470, 'MrBird', '获取调度日志信息', 2, 'com.simple.bets.modular.job.controller.JobLogController.index()', '', '127.0.0.1', '2019-02-02 16:42:28', NULL);
INSERT INTO `t_log` VALUES (2471, 'MrBird', '访问系统', 4, 'com.simple.bets.modular.sys.controller.LoginController.index()', 'user: \"User{userId=4, username=\'MrBird\', password=\'42ee25d1e43e9f57119a00d0a39e5250\', deptId=1, deptName=\'系统管理员\', email=\'mrbird@hotmail.com\', mobile=\'1345553322233\', status=\'1\', crateTime=Wed Dec 27 15:47:19 CST 2017, modifyTime=Wed Mar 21 09:05:12 CST 2018, lastLoginTime=Fri Jan 25 14:39:53 CST 2019, sex=\'0\', avatar=\'/file/avatar/MrBird/fstexuog9tted8ai.jpg\', description=\'我是作者。22\', roleName=\'null\'}\"', '127.0.0.1', '2019-02-02 16:50:33', NULL);
INSERT INTO `t_log` VALUES (2472, 'MrBird', '获取调度日志信息', 3, 'com.simple.bets.modular.job.controller.JobLogController.index()', '', '127.0.0.1', '2019-02-02 16:50:37', NULL);
INSERT INTO `t_log` VALUES (2473, 'MrBird', '获取调度日志信息', 0, 'com.simple.bets.modular.job.controller.JobLogController.index()', '', '127.0.0.1', '2019-02-02 16:51:22', NULL);
INSERT INTO `t_log` VALUES (2474, 'MrBird', '访问系统', 0, 'com.simple.bets.modular.sys.controller.LoginController.index()', 'user: \"User{userId=4, username=\'MrBird\', password=\'42ee25d1e43e9f57119a00d0a39e5250\', deptId=1, deptName=\'系统管理员\', email=\'mrbird@hotmail.com\', mobile=\'1345553322233\', status=\'1\', crateTime=Wed Dec 27 15:47:19 CST 2017, modifyTime=Wed Mar 21 09:05:12 CST 2018, lastLoginTime=Fri Jan 25 14:39:53 CST 2019, sex=\'0\', avatar=\'/file/avatar/MrBird/fstexuog9tted8ai.jpg\', description=\'我是作者。22\', roleName=\'null\'}\"  org.springframework.validation.BindingResult.user: \"org.springframework.validation.BeanPropertyBindingResult: 0 errors\"', '127.0.0.1', '2019-02-02 16:51:25', NULL);
INSERT INTO `t_log` VALUES (2475, 'MrBird', '获取调度日志信息', 0, 'com.simple.bets.modular.job.controller.JobLogController.index()', '', '127.0.0.1', '2019-02-02 16:51:27', NULL);
INSERT INTO `t_log` VALUES (2476, 'MrBird', '获取调度日志信息', 0, 'com.simple.bets.modular.job.controller.JobLogController.index()', '', '127.0.0.1', '2019-02-02 16:52:17', NULL);
INSERT INTO `t_log` VALUES (2477, 'MrBird', '访问系统', 0, 'com.simple.bets.modular.sys.controller.LoginController.index()', 'user: \"User{userId=4, username=\'MrBird\', password=\'42ee25d1e43e9f57119a00d0a39e5250\', deptId=1, deptName=\'系统管理员\', email=\'mrbird@hotmail.com\', mobile=\'1345553322233\', status=\'1\', crateTime=Wed Dec 27 15:47:19 CST 2017, modifyTime=Wed Mar 21 09:05:12 CST 2018, lastLoginTime=Fri Jan 25 14:39:53 CST 2019, sex=\'0\', avatar=\'/file/avatar/MrBird/fstexuog9tted8ai.jpg\', description=\'我是作者。22\', roleName=\'null\'}\"  org.springframework.validation.BindingResult.user: \"org.springframework.validation.BeanPropertyBindingResult: 0 errors\"', '127.0.0.1', '2019-02-02 16:52:21', NULL);
INSERT INTO `t_log` VALUES (2478, 'MrBird', '获取调度日志信息', 0, 'com.simple.bets.modular.job.controller.JobLogController.index()', '', '127.0.0.1', '2019-02-02 16:52:23', NULL);
INSERT INTO `t_log` VALUES (2479, 'MrBird', '访问系统', 7, 'com.simple.bets.modular.sys.controller.LoginController.index()', 'user: \"User{userId=4, username=\'MrBird\', password=\'42ee25d1e43e9f57119a00d0a39e5250\', deptId=1, deptName=\'系统管理员\', email=\'mrbird@hotmail.com\', mobile=\'1345553322233\', status=\'1\', crateTime=Wed Dec 27 15:47:19 CST 2017, modifyTime=Wed Mar 21 09:05:12 CST 2018, lastLoginTime=Fri Jan 25 14:39:53 CST 2019, sex=\'0\', avatar=\'/file/avatar/MrBird/fstexuog9tted8ai.jpg\', description=\'我是作者。22\', roleName=\'null\'}\"', '127.0.0.1', '2019-02-02 16:52:58', NULL);
INSERT INTO `t_log` VALUES (2480, 'MrBird', '获取调度日志信息', 3, 'com.simple.bets.modular.job.controller.JobLogController.index()', '', '127.0.0.1', '2019-02-02 16:53:01', NULL);
INSERT INTO `t_log` VALUES (2481, 'MrBird', '获取调度日志信息', 13120, 'com.simple.bets.modular.job.controller.JobLogController.index()', '', '127.0.0.1', '2019-02-02 16:53:48', NULL);
INSERT INTO `t_log` VALUES (2482, 'MrBird', '访问系统', 0, 'com.simple.bets.modular.sys.controller.LoginController.index()', 'user: \"User{userId=4, username=\'MrBird\', password=\'42ee25d1e43e9f57119a00d0a39e5250\', deptId=1, deptName=\'系统管理员\', email=\'mrbird@hotmail.com\', mobile=\'1345553322233\', status=\'1\', crateTime=Wed Dec 27 15:47:19 CST 2017, modifyTime=Wed Mar 21 09:05:12 CST 2018, lastLoginTime=Fri Jan 25 14:39:53 CST 2019, sex=\'0\', avatar=\'/file/avatar/MrBird/fstexuog9tted8ai.jpg\', description=\'我是作者。22\', roleName=\'null\'}\"  org.springframework.validation.BindingResult.user: \"org.springframework.validation.BeanPropertyBindingResult: 0 errors\"', '127.0.0.1', '2019-02-02 16:54:05', NULL);
INSERT INTO `t_log` VALUES (2483, 'MrBird', '获取调度日志信息', 0, 'com.simple.bets.modular.job.controller.JobLogController.index()', '', '127.0.0.1', '2019-02-02 16:54:11', NULL);
INSERT INTO `t_log` VALUES (2484, 'MrBird', '访问系统', 0, 'com.simple.bets.modular.sys.controller.LoginController.index()', 'user: \"User{userId=4, username=\'MrBird\', password=\'42ee25d1e43e9f57119a00d0a39e5250\', deptId=1, deptName=\'系统管理员\', email=\'mrbird@hotmail.com\', mobile=\'1345553322233\', status=\'1\', crateTime=Wed Dec 27 15:47:19 CST 2017, modifyTime=Wed Mar 21 09:05:12 CST 2018, lastLoginTime=Fri Jan 25 14:39:53 CST 2019, sex=\'0\', avatar=\'/file/avatar/MrBird/fstexuog9tted8ai.jpg\', description=\'我是作者。22\', roleName=\'null\'}\"  org.springframework.validation.BindingResult.user: \"org.springframework.validation.BeanPropertyBindingResult: 0 errors\"', '127.0.0.1', '2019-02-02 16:54:40', NULL);
INSERT INTO `t_log` VALUES (2485, 'MrBird', '获取调度日志信息', 0, 'com.simple.bets.modular.job.controller.JobLogController.index()', '', '127.0.0.1', '2019-02-02 16:54:43', NULL);
INSERT INTO `t_log` VALUES (2486, 'MrBird', '访问系统', 5, 'com.simple.bets.modular.sys.controller.LoginController.index()', 'user: \"User{userId=4, username=\'MrBird\', password=\'42ee25d1e43e9f57119a00d0a39e5250\', deptId=1, deptName=\'系统管理员\', email=\'mrbird@hotmail.com\', mobile=\'1345553322233\', status=\'1\', crateTime=Wed Dec 27 15:47:19 CST 2017, modifyTime=Wed Mar 21 09:05:12 CST 2018, lastLoginTime=Fri Jan 25 14:39:53 CST 2019, sex=\'0\', avatar=\'/file/avatar/MrBird/fstexuog9tted8ai.jpg\', description=\'我是作者。22\', roleName=\'null\'}\"', '127.0.0.1', '2019-02-02 16:55:09', NULL);
INSERT INTO `t_log` VALUES (2487, 'MrBird', '获取调度日志信息', 4, 'com.simple.bets.modular.job.controller.JobLogController.index()', '', '127.0.0.1', '2019-02-02 16:55:11', NULL);
INSERT INTO `t_log` VALUES (2488, 'MrBird', '获取调度日志信息', 0, 'com.simple.bets.modular.job.controller.JobLogController.index()', '', '127.0.0.1', '2019-02-02 16:55:28', NULL);
INSERT INTO `t_log` VALUES (2489, 'MrBird', '访问系统', 0, 'com.simple.bets.modular.sys.controller.LoginController.index()', 'user: \"User{userId=4, username=\'MrBird\', password=\'42ee25d1e43e9f57119a00d0a39e5250\', deptId=1, deptName=\'系统管理员\', email=\'mrbird@hotmail.com\', mobile=\'1345553322233\', status=\'1\', crateTime=Wed Dec 27 15:47:19 CST 2017, modifyTime=Wed Mar 21 09:05:12 CST 2018, lastLoginTime=Fri Jan 25 14:39:53 CST 2019, sex=\'0\', avatar=\'/file/avatar/MrBird/fstexuog9tted8ai.jpg\', description=\'我是作者。22\', roleName=\'null\'}\"  org.springframework.validation.BindingResult.user: \"org.springframework.validation.BeanPropertyBindingResult: 0 errors\"', '127.0.0.1', '2019-02-02 16:55:51', NULL);
INSERT INTO `t_log` VALUES (2490, 'MrBird', '获取调度日志信息', 0, 'com.simple.bets.modular.job.controller.JobLogController.index()', '', '127.0.0.1', '2019-02-02 16:55:53', NULL);
INSERT INTO `t_log` VALUES (2491, 'MrBird', '获取定时任务信息', 3, 'com.simple.bets.modular.job.controller.JobController.index()', '', '127.0.0.1', '2019-02-02 16:55:56', NULL);
INSERT INTO `t_log` VALUES (2492, 'MrBird', '获取定时任务信息', 1, 'com.simple.bets.modular.job.controller.JobController.index()', '', '127.0.0.1', '2019-02-02 16:56:24', NULL);
INSERT INTO `t_log` VALUES (2493, 'MrBird', '获取定时任务信息', 0, 'com.simple.bets.modular.job.controller.JobController.index()', '', '127.0.0.1', '2019-02-02 16:56:59', NULL);
INSERT INTO `t_log` VALUES (2494, 'MrBird', '获取定时任务信息', 0, 'com.simple.bets.modular.job.controller.JobController.index()', '', '127.0.0.1', '2019-02-02 16:57:05', NULL);
INSERT INTO `t_log` VALUES (2495, 'MrBird', '获取定时任务信息', 0, 'com.simple.bets.modular.job.controller.JobController.index()', '', '127.0.0.1', '2019-02-02 17:00:26', NULL);
INSERT INTO `t_log` VALUES (2496, 'MrBird', '获取定时任务信息', 0, 'com.simple.bets.modular.job.controller.JobController.index()', '', '127.0.0.1', '2019-02-02 17:00:36', NULL);
INSERT INTO `t_log` VALUES (2497, 'MrBird', '获取定时任务信息', 0, 'com.simple.bets.modular.job.controller.JobController.index()', '', '127.0.0.1', '2019-02-02 17:00:43', NULL);
INSERT INTO `t_log` VALUES (2498, 'MrBird', '获取定时任务信息', 0, 'com.simple.bets.modular.job.controller.JobController.index()', '', '127.0.0.1', '2019-02-02 17:01:37', NULL);
INSERT INTO `t_log` VALUES (2499, 'MrBird', '获取定时任务信息', 0, 'com.simple.bets.modular.job.controller.JobController.index()', '', '127.0.0.1', '2019-02-02 17:01:49', NULL);
INSERT INTO `t_log` VALUES (2500, 'MrBird', '获取定时任务信息', 0, 'com.simple.bets.modular.job.controller.JobController.index()', '', '127.0.0.1', '2019-02-02 17:01:56', NULL);
INSERT INTO `t_log` VALUES (2501, 'MrBird', '获取定时任务信息', 0, 'com.simple.bets.modular.job.controller.JobController.index()', '', '127.0.0.1', '2019-02-02 17:02:24', NULL);
INSERT INTO `t_log` VALUES (2502, 'MrBird', '获取定时任务信息', 0, 'com.simple.bets.modular.job.controller.JobController.index()', '', '127.0.0.1', '2019-02-02 17:02:44', NULL);
INSERT INTO `t_log` VALUES (2503, 'MrBird', '获取定时任务信息', 0, 'com.simple.bets.modular.job.controller.JobController.index()', '', '127.0.0.1', '2019-02-02 17:03:15', NULL);
INSERT INTO `t_log` VALUES (2504, 'MrBird', '访问系统', 0, 'com.simple.bets.modular.sys.controller.LoginController.index()', 'user: \"User{userId=4, username=\'MrBird\', password=\'42ee25d1e43e9f57119a00d0a39e5250\', deptId=1, deptName=\'系统管理员\', email=\'mrbird@hotmail.com\', mobile=\'1345553322233\', status=\'1\', crateTime=Wed Dec 27 15:47:19 CST 2017, modifyTime=Wed Mar 21 09:05:12 CST 2018, lastLoginTime=Fri Jan 25 14:39:53 CST 2019, sex=\'0\', avatar=\'/file/avatar/MrBird/fstexuog9tted8ai.jpg\', description=\'我是作者。22\', roleName=\'null\'}\"  org.springframework.validation.BindingResult.user: \"org.springframework.validation.BeanPropertyBindingResult: 0 errors\"', '127.0.0.1', '2019-02-02 17:20:34', NULL);
INSERT INTO `t_log` VALUES (2505, 'MrBird', '访问系统', 0, 'com.simple.bets.modular.sys.controller.LoginController.index()', 'user: \"User{userId=4, username=\'MrBird\', password=\'42ee25d1e43e9f57119a00d0a39e5250\', deptId=1, deptName=\'系统管理员\', email=\'mrbird@hotmail.com\', mobile=\'1345553322233\', status=\'1\', crateTime=Wed Dec 27 15:47:19 CST 2017, modifyTime=Wed Mar 21 09:05:12 CST 2018, lastLoginTime=Fri Jan 25 14:39:53 CST 2019, sex=\'0\', avatar=\'/file/avatar/MrBird/fstexuog9tted8ai.jpg\', description=\'我是作者。22\', roleName=\'null\'}\"  org.springframework.validation.BindingResult.user: \"org.springframework.validation.BeanPropertyBindingResult: 0 errors\"', '127.0.0.1', '2019-02-02 17:23:21', NULL);
INSERT INTO `t_log` VALUES (2506, 'MrBird', '访问系统', 0, 'com.simple.bets.modular.sys.controller.LoginController.index()', 'user: \"User{userId=4, username=\'MrBird\', password=\'42ee25d1e43e9f57119a00d0a39e5250\', deptId=1, deptName=\'系统管理员\', email=\'mrbird@hotmail.com\', mobile=\'1345553322233\', status=\'1\', crateTime=Wed Dec 27 15:47:19 CST 2017, modifyTime=Wed Mar 21 09:05:12 CST 2018, lastLoginTime=Fri Jan 25 14:39:53 CST 2019, sex=\'0\', avatar=\'/file/avatar/MrBird/fstexuog9tted8ai.jpg\', description=\'我是作者。22\', roleName=\'null\'}\"  org.springframework.validation.BindingResult.user: \"org.springframework.validation.BeanPropertyBindingResult: 0 errors\"', '127.0.0.1', '2019-02-02 17:23:23', NULL);
INSERT INTO `t_log` VALUES (2507, 'MrBird', '访问系统', 4, 'com.simple.bets.modular.sys.controller.LoginController.index()', 'user: \"User{userId=4, username=\'MrBird\', password=\'42ee25d1e43e9f57119a00d0a39e5250\', deptId=1, deptName=\'系统管理员\', email=\'mrbird@hotmail.com\', mobile=\'1345553322233\', status=\'1\', crateTime=Wed Dec 27 15:47:19 CST 2017, modifyTime=Wed Mar 21 09:05:12 CST 2018, lastLoginTime=Fri Jan 25 14:39:53 CST 2019, sex=\'0\', avatar=\'/file/avatar/MrBird/fstexuog9tted8ai.jpg\', description=\'我是作者。22\', roleName=\'null\'}\"', '127.0.0.1', '2019-02-02 17:27:27', NULL);
INSERT INTO `t_log` VALUES (2508, 'AdminBets', '访问系统', 0, 'com.simple.bets.modular.sys.controller.LoginController.index()', 'user: \"User{userId=4, username=\'AdminBets\', password=\'5e49677e75b74eed55c22cc318d5a9d4\', deptId=1, deptName=\'系统管理员\', email=\'adminBets@hotmail.com\', mobile=\'1345553322233\', status=\'1\', crateTime=Wed Dec 27 15:47:19 CST 2017, modifyTime=Wed Mar 21 09:05:12 CST 2018, lastLoginTime=Sat Feb 02 14:34:58 CST 2019, sex=\'0\', avatar=\'/file/avatar/MrBird/fstexuog9tted8ai.jpg\', description=\'我是作者。22\', roleName=\'null\'}\"  org.springframework.validation.BindingResult.user: \"org.springframework.validation.BeanPropertyBindingResult: 0 errors\"', '127.0.0.1', '2019-02-02 17:27:42', NULL);
INSERT INTO `t_log` VALUES (2509, 'AdminBets', '获取角色信息', 3, 'com.simple.bets.modular.sys.controller.RoleController.index()', '', '127.0.0.1', '2019-02-02 17:27:48', NULL);
INSERT INTO `t_log` VALUES (2510, 'AdminBets', '获取角色信息', 0, 'com.simple.bets.modular.sys.controller.RoleController.index()', '', '127.0.0.1', '2019-02-02 17:36:54', NULL);

-- ----------------------------
-- Table structure for t_menu
-- ----------------------------
DROP TABLE IF EXISTS `t_menu`;
CREATE TABLE `t_menu`  (
  `id` int(20) NOT NULL AUTO_INCREMENT COMMENT '菜单/按钮ID',
  `parent_id` varchar(20) CHARACTER SET utf8 COLLATE utf8_general_ci NOT NULL COMMENT '上级菜单ID',
  `parent_ids` varchar(60) CHARACTER SET utf8 COLLATE utf8_general_ci NULL DEFAULT NULL COMMENT '父类集合',
  `menu_name` varchar(50) CHARACTER SET utf8 COLLATE utf8_general_ci NOT NULL COMMENT '菜单/按钮名称',
  `url` varchar(100) CHARACTER SET utf8 COLLATE utf8_general_ci NULL DEFAULT NULL COMMENT '菜单URL',
  `perms` text CHARACTER SET utf8 COLLATE utf8_general_ci NULL COMMENT '权限标识',
  `icon` varchar(50) CHARACTER SET utf8 COLLATE utf8_general_ci NULL DEFAULT NULL COMMENT '图标',
  `type` char(2) CHARACTER SET utf8 COLLATE utf8_general_ci NOT NULL COMMENT '类型 0菜单 1按钮',
  `sort` bigint(20) NULL DEFAULT NULL COMMENT '排序',
  `create_time` datetime(0) NOT NULL COMMENT '创建时间',
  `modify_time` datetime(0) NULL DEFAULT NULL COMMENT '修改时间',
  `tree_leaf` char(1) CHARACTER SET utf8 COLLATE utf8_general_ci NOT NULL COMMENT '是否树形叶子节点（0:不是,1:是）',
  `tree_level` bigint(4) NOT NULL COMMENT '树形层级(0:根级)',
  `operator` varchar(64) CHARACTER SET utf8 COLLATE utf8_bin NOT NULL COMMENT '更新者',
  `creator` varchar(64) CHARACTER SET utf8 COLLATE utf8_general_ci NOT NULL COMMENT '创建者',
  `remarks` varchar(255) CHARACTER SET utf8 COLLATE utf8_bin NULL DEFAULT NULL COMMENT '备注信息',
  `sys_status` char(1) CHARACTER SET utf8 COLLATE utf8_bin NOT NULL DEFAULT '0' COMMENT '删除标记',
  `status` varchar(10) CHARACTER SET utf8 COLLATE utf8_general_ci NULL DEFAULT NULL COMMENT '业务状态',
  PRIMARY KEY (`id`) USING BTREE
) ENGINE = InnoDB AUTO_INCREMENT = 117 CHARACTER SET = utf8 COLLATE = utf8_general_ci ROW_FORMAT = Compact;

-- ----------------------------
-- Records of t_menu
-- ----------------------------
INSERT INTO `t_menu` VALUES (1, '0', NULL, '系统管理', NULL, NULL, 'fa fa-cog', '0', 1, '2017-12-27 16:39:07', NULL, '0', 0, '', '0000-00-00 00:00:00', NULL, '0', NULL);
INSERT INTO `t_menu` VALUES (2, '0', NULL, '系统监控', NULL, NULL, 'fa fa-desktop', '0', 2, '2017-12-27 16:45:51', '2018-01-17 17:08:28', '0', 0, '', '0000-00-00 00:00:00', NULL, '0', NULL);
INSERT INTO `t_menu` VALUES (3, '1', NULL, '用户管理', '/user/index', 'user:list', 'fa fa-user-o', '0', 1, '2017-12-27 16:47:13', '2018-04-25 09:00:01', '0', 1, '', '0000-00-00 00:00:00', NULL, '0', NULL);
INSERT INTO `t_menu` VALUES (4, '1', NULL, '角色管理', '/role/index', 'role:list', 'fa fa-cube', '0', 2, '2017-12-27 16:48:09', '2018-04-25 09:01:12', '0', 1, '', '0000-00-00 00:00:00', NULL, '0', NULL);
INSERT INTO `t_menu` VALUES (5, '1', NULL, '菜单管理', '/menu/index', 'menu:list', 'fa fa-list-alt', '0', 3, '2017-12-27 16:48:57', '2018-04-25 09:01:30', '0', 1, '', '0000-00-00 00:00:00', NULL, '0', NULL);
INSERT INTO `t_menu` VALUES (6, '1', NULL, '部门管理', '/office/index', 'dept:list', 'fa fa-address-card-o', '0', 4, '2017-12-27 16:57:33', '2018-04-25 09:01:40', '0', 1, '', '0000-00-00 00:00:00', NULL, '0', NULL);
INSERT INTO `t_menu` VALUES (8, '2', NULL, '在线用户', 'session', 'session:list', 'fa fa-link', '0', 1, '2017-12-27 16:59:33', '2018-04-25 09:02:04', '0', 1, '', '0000-00-00 00:00:00', NULL, '0', NULL);
INSERT INTO `t_menu` VALUES (10, '2', NULL, '系统日志', '/log/index', 'log:list', 'fa fa-bug', '0', 3, '2017-12-27 17:00:50', '2018-04-25 09:02:18', '0', 1, '', '0000-00-00 00:00:00', NULL, '0', NULL);
INSERT INTO `t_menu` VALUES (11, '3', NULL, '新增用户', NULL, 'user:add', NULL, '1', NULL, '2017-12-27 17:02:58', NULL, '1', 2, '', '0000-00-00 00:00:00', NULL, '0', NULL);
INSERT INTO `t_menu` VALUES (12, '3', NULL, '修改用户', NULL, 'user:update', NULL, '1', NULL, '2017-12-27 17:04:07', NULL, '1', 2, '', '0000-00-00 00:00:00', NULL, '0', NULL);
INSERT INTO `t_menu` VALUES (13, '3', NULL, '删除用户', NULL, 'user:delete', NULL, '1', NULL, '2017-12-27 17:04:58', NULL, '1', 2, '', '0000-00-00 00:00:00', NULL, '0', NULL);
INSERT INTO `t_menu` VALUES (14, '4', NULL, '新增角色', NULL, 'role:add', NULL, '1', NULL, '2017-12-27 17:06:38', NULL, '1', 2, '', '0000-00-00 00:00:00', NULL, '0', NULL);
INSERT INTO `t_menu` VALUES (15, '4', NULL, '修改角色', NULL, 'role:update', NULL, '1', NULL, '2017-12-27 17:06:38', NULL, '1', 2, '', '0000-00-00 00:00:00', NULL, '0', NULL);
INSERT INTO `t_menu` VALUES (16, '4', NULL, '删除角色', NULL, 'role:delete', NULL, '1', NULL, '2017-12-27 17:06:38', NULL, '1', 2, '', '0000-00-00 00:00:00', NULL, '0', NULL);
INSERT INTO `t_menu` VALUES (17, '5', NULL, '新增菜单', NULL, 'menu:add', NULL, '1', NULL, '2017-12-27 17:08:02', NULL, '1', 2, '', '0000-00-00 00:00:00', NULL, '0', NULL);
INSERT INTO `t_menu` VALUES (18, '5', NULL, '修改菜单', NULL, 'menu:update', NULL, '1', NULL, '2017-12-27 17:08:02', NULL, '1', 2, '', '0000-00-00 00:00:00', NULL, '0', NULL);
INSERT INTO `t_menu` VALUES (19, '5', NULL, '删除菜单', NULL, 'menu:delete', NULL, '1', NULL, '2017-12-27 17:08:02', NULL, '1', 2, '', '0000-00-00 00:00:00', NULL, '0', NULL);
INSERT INTO `t_menu` VALUES (20, '6', NULL, '新增部门', NULL, 'dept:add', NULL, '1', NULL, '2017-12-27 17:09:24', NULL, '1', 2, '', '0000-00-00 00:00:00', NULL, '0', NULL);
INSERT INTO `t_menu` VALUES (21, '6', NULL, '修改部门', NULL, 'dept:update', NULL, '1', NULL, '2017-12-27 17:09:24', NULL, '1', 2, '', '0000-00-00 00:00:00', NULL, '0', NULL);
INSERT INTO `t_menu` VALUES (22, '6', NULL, '删除部门', NULL, 'dept:delete', NULL, '1', NULL, '2017-12-27 17:09:24', NULL, '1', 2, '', '0000-00-00 00:00:00', NULL, '0', NULL);
INSERT INTO `t_menu` VALUES (23, '8', NULL, '踢出用户', NULL, 'user:kickout', NULL, '1', NULL, '2017-12-27 17:11:13', NULL, '1', 2, '', '0000-00-00 00:00:00', NULL, '0', NULL);
INSERT INTO `t_menu` VALUES (24, '10', NULL, '删除日志', NULL, 'log:delete', NULL, '1', NULL, '2017-12-27 17:11:45', NULL, '1', 2, '', '0000-00-00 00:00:00', NULL, '0', NULL);
INSERT INTO `t_menu` VALUES (101, '0', NULL, '任务调度', NULL, NULL, 'fa fa-clock-o', '0', NULL, '2018-02-24 15:52:57', NULL, '0', 0, '', '0000-00-00 00:00:00', NULL, '0', NULL);
INSERT INTO `t_menu` VALUES (102, '101', NULL, '定时任务', '/job/index', 'job:list', 'fa fa-circle-o-notch', '0', NULL, '2018-02-24 15:53:53', '2018-04-25 09:05:12', '0', 1, '', '0000-00-00 00:00:00', NULL, '0', NULL);
INSERT INTO `t_menu` VALUES (103, '102', NULL, '新增任务', NULL, 'job:add', NULL, '1', NULL, '2018-02-24 15:55:10', NULL, '1', 2, '', '0000-00-00 00:00:00', NULL, '0', NULL);
INSERT INTO `t_menu` VALUES (104, '102', NULL, '修改任务', NULL, 'job:update', NULL, '1', NULL, '2018-02-24 15:55:53', NULL, '1', 2, '', '0000-00-00 00:00:00', NULL, '0', NULL);
INSERT INTO `t_menu` VALUES (105, '102', NULL, '删除任务', NULL, 'job:delete', NULL, '1', NULL, '2018-02-24 15:56:18', NULL, '1', 2, '', '0000-00-00 00:00:00', NULL, '0', NULL);
INSERT INTO `t_menu` VALUES (106, '102', NULL, '暂停任务', NULL, 'job:pause', NULL, '1', NULL, '2018-02-24 15:57:08', NULL, '1', 2, '', '0000-00-00 00:00:00', NULL, '0', NULL);
INSERT INTO `t_menu` VALUES (107, '102', NULL, '恢复任务', NULL, 'job:resume', NULL, '1', NULL, '2018-02-24 15:58:21', NULL, '1', 2, '', '0000-00-00 00:00:00', NULL, '0', NULL);
INSERT INTO `t_menu` VALUES (108, '102', NULL, '立即执行任务', NULL, 'job:run', NULL, '1', NULL, '2018-02-24 15:59:45', NULL, '1', 2, '', '0000-00-00 00:00:00', NULL, '0', NULL);
INSERT INTO `t_menu` VALUES (109, '101', NULL, '调度日志', 'jobLog/index', 'jobLog:list', 'fa fa-bug', '0', NULL, '2018-02-24 16:00:45', '2018-04-25 09:05:25', '0', 1, '', '0000-00-00 00:00:00', NULL, '0', NULL);
INSERT INTO `t_menu` VALUES (110, '109', NULL, '删除日志', NULL, 'jobLog:delete', NULL, '1', NULL, '2018-02-24 16:01:21', NULL, '1', 2, '', '0000-00-00 00:00:00', NULL, '0', NULL);
INSERT INTO `t_menu` VALUES (113, '2', NULL, 'Redis监控', 'redis/info', 'redis:list', 'fa fa-circle-o', '0', NULL, '2018-06-28 14:29:42', NULL, '0', 1, '', '0000-00-00 00:00:00', NULL, '0', NULL);
INSERT INTO `t_menu` VALUES (114, '2', NULL, 'Redis终端', 'redis/terminal', 'redis:terminal', 'fa fa-circle-o', '0', NULL, '2018-06-28 15:35:21', NULL, '0', 1, '', '0000-00-00 00:00:00', NULL, '0', NULL);
INSERT INTO `t_menu` VALUES (115, '0', NULL, '文件管理', '', NULL, 'fa fa-folder-o', '0', NULL, '2019-01-15 10:58:02', '2019-01-15 10:58:08', '0', 0, '999999999999', '9999999999999999', NULL, '0', '0');
INSERT INTO `t_menu` VALUES (116, '115', NULL, '文件列表', '/file/list', NULL, 'fa fa-folder-open-o', '0', NULL, '2019-01-15 11:00:02', '2019-01-15 11:00:05', '0', 1, '9999999', '9999999999', NULL, '0', NULL);

-- ----------------------------
-- Table structure for t_role
-- ----------------------------
DROP TABLE IF EXISTS `t_role`;
CREATE TABLE `t_role`  (
  `role_id` bigint(20) NOT NULL AUTO_INCREMENT COMMENT '角色ID',
  `role_name` varchar(100) CHARACTER SET utf8 COLLATE utf8_general_ci NOT NULL COMMENT '角色名称',
  `remark` varchar(100) CHARACTER SET utf8 COLLATE utf8_general_ci NULL DEFAULT NULL COMMENT '角色描述',
  `create_time` datetime(0) NOT NULL COMMENT '创建时间',
  `modify_time` datetime(0) NULL DEFAULT NULL COMMENT '修改时间',
  `dept_id` int(20) NULL DEFAULT NULL COMMENT '部门id',
  `dept_name` varchar(255) CHARACTER SET utf8 COLLATE utf8_general_ci NULL DEFAULT NULL COMMENT '部门名称',
  PRIMARY KEY (`role_id`) USING BTREE
) ENGINE = InnoDB AUTO_INCREMENT = 68 CHARACTER SET = utf8 COLLATE = utf8_general_ci ROW_FORMAT = Compact;

-- ----------------------------
-- Records of t_role
-- ----------------------------
INSERT INTO `t_role` VALUES (1, '管理员', '管理员', '2017-12-27 16:23:11', '2019-01-23 19:37:37', 5, '技术部');
INSERT INTO `t_role` VALUES (2, '测试账号', '测试账号', '2017-12-27 16:25:09', '2019-01-23 19:38:03', 4, '市场部');
INSERT INTO `t_role` VALUES (3, '注册账户', '注册账户，只可查看，不可操作', '2017-12-29 16:00:15', '2019-01-23 19:38:13', 3, '综合部');
INSERT INTO `t_role` VALUES (23, '用户管理员', '负责用户的增删改操作', '2018-01-09 15:32:41', NULL, NULL, NULL);
INSERT INTO `t_role` VALUES (24, '系统监控员', '可查看系统监控信息，但不可操作', '2018-01-09 15:52:01', '2018-03-07 19:05:33', NULL, NULL);
INSERT INTO `t_role` VALUES (25, '用户查看', '查看用户，无相应操作权限', '2018-01-09 15:56:30', NULL, NULL, NULL);
INSERT INTO `t_role` VALUES (65, '文章审核', '文章类', '2018-02-27 08:48:01', '2018-03-13 11:20:34', NULL, NULL);

-- ----------------------------
-- Table structure for t_role_menu
-- ----------------------------
DROP TABLE IF EXISTS `t_role_menu`;
CREATE TABLE `t_role_menu`  (
  `role_id` bigint(20) NOT NULL COMMENT '角色ID',
  `menu_id` bigint(20) NOT NULL COMMENT '菜单/按钮ID'
) ENGINE = InnoDB CHARACTER SET = utf8 COLLATE = utf8_general_ci ROW_FORMAT = Compact;

-- ----------------------------
-- Records of t_role_menu
-- ----------------------------
INSERT INTO `t_role_menu` VALUES (3, 1);
INSERT INTO `t_role_menu` VALUES (3, 3);
INSERT INTO `t_role_menu` VALUES (3, 4);
INSERT INTO `t_role_menu` VALUES (3, 5);
INSERT INTO `t_role_menu` VALUES (3, 6);
INSERT INTO `t_role_menu` VALUES (3, 2);
INSERT INTO `t_role_menu` VALUES (3, 8);
INSERT INTO `t_role_menu` VALUES (3, 10);
INSERT INTO `t_role_menu` VALUES (3, 101);
INSERT INTO `t_role_menu` VALUES (3, 102);
INSERT INTO `t_role_menu` VALUES (3, 109);
INSERT INTO `t_role_menu` VALUES (24, 8);
INSERT INTO `t_role_menu` VALUES (24, 2);
INSERT INTO `t_role_menu` VALUES (24, 10);
INSERT INTO `t_role_menu` VALUES (2, 24);
INSERT INTO `t_role_menu` VALUES (2, 2);
INSERT INTO `t_role_menu` VALUES (2, 8);
INSERT INTO `t_role_menu` VALUES (2, 10);
INSERT INTO `t_role_menu` VALUES (23, 11);
INSERT INTO `t_role_menu` VALUES (23, 12);
INSERT INTO `t_role_menu` VALUES (23, 13);
INSERT INTO `t_role_menu` VALUES (23, 3);
INSERT INTO `t_role_menu` VALUES (23, 1);
INSERT INTO `t_role_menu` VALUES (25, 1);
INSERT INTO `t_role_menu` VALUES (25, 3);
INSERT INTO `t_role_menu` VALUES (1, 2);
INSERT INTO `t_role_menu` VALUES (1, 3);
INSERT INTO `t_role_menu` VALUES (1, 1);
INSERT INTO `t_role_menu` VALUES (1, 4);
INSERT INTO `t_role_menu` VALUES (1, 5);
INSERT INTO `t_role_menu` VALUES (1, 6);
INSERT INTO `t_role_menu` VALUES (1, 20);
INSERT INTO `t_role_menu` VALUES (1, 21);
INSERT INTO `t_role_menu` VALUES (1, 22);
INSERT INTO `t_role_menu` VALUES (1, 10);
INSERT INTO `t_role_menu` VALUES (1, 8);
INSERT INTO `t_role_menu` VALUES (1, 11);
INSERT INTO `t_role_menu` VALUES (1, 12);
INSERT INTO `t_role_menu` VALUES (1, 13);
INSERT INTO `t_role_menu` VALUES (1, 14);
INSERT INTO `t_role_menu` VALUES (1, 15);
INSERT INTO `t_role_menu` VALUES (1, 16);
INSERT INTO `t_role_menu` VALUES (1, 17);
INSERT INTO `t_role_menu` VALUES (1, 18);
INSERT INTO `t_role_menu` VALUES (1, 23);
INSERT INTO `t_role_menu` VALUES (1, 19);
INSERT INTO `t_role_menu` VALUES (1, 24);
INSERT INTO `t_role_menu` VALUES (1, 101);
INSERT INTO `t_role_menu` VALUES (1, 102);
INSERT INTO `t_role_menu` VALUES (1, 103);
INSERT INTO `t_role_menu` VALUES (1, 104);
INSERT INTO `t_role_menu` VALUES (1, 105);
INSERT INTO `t_role_menu` VALUES (1, 106);
INSERT INTO `t_role_menu` VALUES (1, 107);
INSERT INTO `t_role_menu` VALUES (1, 108);
INSERT INTO `t_role_menu` VALUES (1, 109);
INSERT INTO `t_role_menu` VALUES (1, 110);
INSERT INTO `t_role_menu` VALUES (1, 113);
INSERT INTO `t_role_menu` VALUES (1, 114);
INSERT INTO `t_role_menu` VALUES (1, 115);
INSERT INTO `t_role_menu` VALUES (1, 116);
INSERT INTO `t_role_menu` VALUES (3, 115);
INSERT INTO `t_role_menu` VALUES (3, 116);

-- ----------------------------
-- Table structure for t_user
-- ----------------------------
DROP TABLE IF EXISTS `t_user`;
CREATE TABLE `t_user`  (
  `user_id` bigint(20) NOT NULL AUTO_INCREMENT COMMENT '用户ID',
  `username` varchar(50) CHARACTER SET utf8 COLLATE utf8_general_ci NOT NULL COMMENT '用户名',
  `password` varchar(128) CHARACTER SET utf8 COLLATE utf8_general_ci NULL DEFAULT NULL COMMENT '密码',
  `name` varchar(32) CHARACTER SET utf8 COLLATE utf8_general_ci NULL DEFAULT NULL COMMENT '真实姓名',
  `dept_id` bigint(20) NULL DEFAULT NULL COMMENT '部门ID',
  `email` varchar(128) CHARACTER SET utf8 COLLATE utf8_general_ci NULL DEFAULT NULL COMMENT '邮箱',
  `mobile` varchar(20) CHARACTER SET utf8 COLLATE utf8_general_ci NULL DEFAULT NULL COMMENT '联系电话',
  `status` char(1) CHARACTER SET utf8 COLLATE utf8_general_ci NOT NULL COMMENT '状态 0锁定 1有效',
  `create_time` datetime(0) NOT NULL COMMENT '创建时间',
  `modify_time` datetime(0) NULL DEFAULT NULL COMMENT '修改时间',
  `last_login_time` datetime(0) NULL DEFAULT NULL COMMENT '最近访问时间',
  `sex` char(1) CHARACTER SET utf8 COLLATE utf8_general_ci NULL DEFAULT NULL COMMENT '性别 0男 1女',
  `birthday` datetime(0) NULL DEFAULT NULL COMMENT '出生日期',
  `avatar` varchar(100) CHARACTER SET utf8 COLLATE utf8_general_ci NULL DEFAULT NULL COMMENT '头像',
  `description` varchar(100) CHARACTER SET utf8 COLLATE utf8_general_ci NULL DEFAULT NULL COMMENT '描述',
  `dept_name` varchar(64) CHARACTER SET utf8 COLLATE utf8_general_ci NULL DEFAULT NULL COMMENT '部门名称',
  PRIMARY KEY (`user_id`) USING BTREE
) ENGINE = InnoDB AUTO_INCREMENT = 169 CHARACTER SET = utf8 COLLATE = utf8_general_ci ROW_FORMAT = Compact;

-- ----------------------------
-- Records of t_user
-- ----------------------------
INSERT INTO `t_user` VALUES (4, 'AdminBets', '5e49677e75b74eed55c22cc318d5a9d4', '系统管理员', 1, 'adminBets@hotmail.com', '1345553322233', '1', '2017-12-27 15:47:19', '2018-03-21 09:05:12', '2019-02-02 17:27:42', '0', '2019-01-07 00:00:00', '/file/avatar/MrBird/fstexuog9tted8ai.jpg', '我是作者。22', '系统管理员');
INSERT INTO `t_user` VALUES (6, 'tester', '243e29429b340192700677d48c09d992', '测试用户', 4, 'tester@qq.com', '13888888888', '1', '2017-12-27 17:35:14', '2018-03-27 09:21:08', '2018-01-23 09:17:27', '1', '2019-01-14 00:00:00', 'default.jpg', '', '市场部');
INSERT INTO `t_user` VALUES (23, 'scott', 'ac3af72d9f95161a502fd326865c2f15', NULL, 6, 'scott@qq.com', '15134627380', '1', '2017-12-29 16:16:39', '2018-03-29 16:18:36', '2019-01-17 17:14:57', '0', '2019-01-07 17:29:38', 'default.jpg', '我是scott，嗯嗯', NULL);
INSERT INTO `t_user` VALUES (25, 'allen', '83baac97928a113986054efacaeec1d2', NULL, 3, 'allen@qq.com', '13427374857', '0', '2017-12-29 16:21:54', '2018-01-17 11:28:16', NULL, '1', '2019-01-07 17:29:43', 'default.jpg', NULL, NULL);
INSERT INTO `t_user` VALUES (27, 'ford', '0448f0dcfd856b0e831842072b532141', NULL, 6, 'ford@qq.com', '15599998373', '0', '2017-12-29 16:22:52', '2018-03-13 11:19:56', '2018-03-08 16:31:59', '0', '2019-01-07 17:29:47', 'default.jpg', NULL, NULL);
INSERT INTO `t_user` VALUES (91, '系统监控员', '7c28d1cd33414ac15832f7be92668b7a', NULL, 6, 'xtjk@qq.com', '18088736652', '1', '2018-01-09 15:52:56', NULL, '2018-01-09 15:53:12', '0', '2019-01-07 17:29:52', 'default.jpg', NULL, NULL);
INSERT INTO `t_user` VALUES (167, 'wangdingfeng', 'eba0b547fd0b5644442e868819a4d893', '王顶峰', NULL, 'wangdingfeng@travling.com', '123', '1', '2019-01-07 19:12:40', NULL, NULL, '0', '2019-01-07 00:00:00', 'default.jpg', '', NULL);
INSERT INTO `t_user` VALUES (168, 'kermit', 'a7a2f5f9483bbd5189dd49195a8bb490', '王顶峰', 5, 'wangdingfeng@travling.com', '123', '1', '2019-01-24 09:41:46', NULL, NULL, '1', '2019-01-24 00:00:00', NULL, '', '技术部');

-- ----------------------------
-- Table structure for t_user_role
-- ----------------------------
DROP TABLE IF EXISTS `t_user_role`;
CREATE TABLE `t_user_role`  (
  `user_id` bigint(20) NOT NULL COMMENT '用户ID',
  `role_id` bigint(20) NOT NULL COMMENT '角色ID'
) ENGINE = InnoDB CHARACTER SET = utf8 COLLATE = utf8_general_ci ROW_FORMAT = Compact;

-- ----------------------------
-- Records of t_user_role
-- ----------------------------
INSERT INTO `t_user_role` VALUES (27, 3);
INSERT INTO `t_user_role` VALUES (24, 65);
INSERT INTO `t_user_role` VALUES (26, 3);
INSERT INTO `t_user_role` VALUES (26, 23);
INSERT INTO `t_user_role` VALUES (26, 24);
INSERT INTO `t_user_role` VALUES (25, 3);
INSERT INTO `t_user_role` VALUES (91, 24);
INSERT INTO `t_user_role` VALUES (4, 1);
INSERT INTO `t_user_role` VALUES (6, 1);
INSERT INTO `t_user_role` VALUES (6, 2);
INSERT INTO `t_user_role` VALUES (6, 3);
INSERT INTO `t_user_role` VALUES (6, 25);
INSERT INTO `t_user_role` VALUES (23, 2);
INSERT INTO `t_user_role` VALUES (23, 3);
INSERT INTO `t_user_role` VALUES (23, 23);
INSERT INTO `t_user_role` VALUES (23, 24);
INSERT INTO `t_user_role` VALUES (23, 25);

SET FOREIGN_KEY_CHECKS = 1;
